<Default>
<autoRegistrationName>AUTO-REG</autoRegistrationName>
<autoRegistration>enabled</autoRegistration>
<ipAddressMode>0</ipAddressMode>
<ipPreferenceModeControl>0</ipPreferenceModeControl>
<callManagerGroup>
<name>GS_CCM_GRP1</name>
<tftpDefault>true</tftpDefault>
<members>
<member  priority="0">
<callManager>
<name>172.19.24.3</name>
<description>gs-ccm2</description>
<ports>
<ethernetPhonePort>2000</ethernetPhonePort>
<sipPort>5060</sipPort>
<securedSipPort>5061</securedSipPort>
<mgcpPorts>
<listen>2427</listen>
<keepAlive>2428</keepAlive>
</mgcpPorts>
</ports>
<processNodeName>172.19.24.3</processNodeName>
</callManager>
</member>
<member  priority="1">
<callManager>
<name>172.19.24.2</name>
<description>gs-ccm1</description>
<ports>
<ethernetPhonePort>2000</ethernetPhonePort>
<sipPort>5060</sipPort>
<securedSipPort>5061</securedSipPort>
<mgcpPorts>
<listen>2427</listen>
<keepAlive>2428</keepAlive>
</mgcpPorts>
</ports>
<processNodeName>172.19.24.2</processNodeName>
</callManager>
</member>
</members>
</callManagerGroup>
<loadInformation548  model="Cisco 6911">SCCP6911.9-3-1-SR1-3</loadInformation548>
<loadInformation30002  model="Cisco 7920">cmterm_7920.4.0-03-02</loadInformation30002>
<loadInformation497  model="Cisco 6961">SCCP69xx.9-3-3-2</loadInformation497>
<loadInformation558  model="Cisco TelePresence 400"></loadInformation558>
<loadInformation557  model="Cisco TelePresence 200"></loadInformation557>
<loadInformation30006  model="Cisco 7970">SCCP70.9-3-1SR2-1S</loadInformation30006>
<loadInformation593  model="Cisco Cius">sipcius.9-2-4-45</loadInformation593>
<loadInformation520  model="Cisco TelePresence 1100"></loadInformation520>
<loadInformation592  model="Cisco 3905">CP3905.9-2-2-0</loadInformation592>
<loadInformation115  model="Cisco 7941">SCCP41.9-3-1SR2-1S</loadInformation115>
<loadInformation480  model="Cisco TelePresence 3200"></loadInformation480>
<loadInformation30016  model="Cisco IP Communicator"></loadInformation30016>
<loadInformation30032  model="SCCP gateway virtual phone"></loadInformation30032>
<loadInformation496  model="Cisco 6941">SCCP69xx.9-3-3-2</loadInformation496>
<loadInformation478  model="Cisco TelePresence 1000"></loadInformation478>
<loadInformation308  model="Cisco 7961G-GE">SCCP41.9-3-1SR2-1S</loadInformation308>
<loadInformation540  model="Cisco 8961">sip8961.9-3-2-10</loadInformation540>
<loadInformation309  model="Cisco 7941G-GE">SCCP41.9-3-1SR2-1S</loadInformation309>
<loadInformation30019  model="Cisco 7936">cmterm_7936.3-3-20-0</loadInformation30019>
<loadInformation481  model="Cisco TelePresence 500-37"></loadInformation481>
<loadInformation12  model="Cisco ATA 186">ATA030204SCCP090202A</loadInformation12>
<loadInformation412  model="Cisco 3951">SIP3951.8-1-2SR1</loadInformation412>
<loadInformation365  model="Cisco 7921">CP7921G-1.4.4.3</loadInformation365>
<loadInformation30007  model="Cisco 7912">CP7912080004SCCP080108A</loadInformation30007>
<loadInformation30035  model="IP-STE"></loadInformation30035>
<loadInformation586  model="Cisco 8941">SCCP8941_8945.9-3-2-11</loadInformation586>
<loadInformation369  model="Cisco 7906">SCCP11.9-3-1SR2-1S</loadInformation369>
<loadInformation30018  model="Cisco 7961">SCCP41.9-3-1SR2-1S</loadInformation30018>
<loadInformation550  model="Cisco ATA 187">ATA187.9-2-3-1</loadInformation550>
<loadInformation20000  model="Cisco 7905">CP7905080003SCCP070409A</loadInformation20000>
<loadInformation495  model="Cisco 6921">SCCP69xx.9-3-3-2</loadInformation495>
<loadInformation585  model="Cisco 8945">SCCP8941_8945.9-3-2-11</loadInformation585>
<loadInformation446  model="Cisco 3911">SIP3951.8-1-2SR1</loadInformation446>
<loadInformation521  model="Transnova S3"></loadInformation521>
<loadInformation307  model="Cisco 7911">SCCP11.9-3-1SR2-1S</loadInformation307>
<loadInformation659  model="Cisco 8831">sip8831.9-3-3-5</loadInformation659>
<loadInformation30  model="Analog Access">A001C030</loadInformation30>
<loadInformation47  model="Analog Access WS-X6624">A00204000013</loadInformation47>
<loadInformation51  model="Conference Bridge WS-X6608">C00104000003</loadInformation51>
<loadInformation40  model="Digital Access">D001M022</loadInformation40>
<loadInformation43  model="Digital Access WS-X6608">D00404000032</loadInformation43>
<loadInformation42  model="Digital Access+">D00303010033</loadInformation42>
<loadInformation61  model="H.323 Phone"></loadInformation61>
<loadInformation7  model="Cisco 7960">P00308010200</loadInformation7>
<loadInformation100  model="Load Simulator"></loadInformation100>
<loadInformation111  model="Media Termination Point Hardware">M00104000006</loadInformation111>
<loadInformation120  model="MGCP Station"></loadInformation120>
<loadInformation121  model="MGCP Trunk"></loadInformation121>
<loadInformation632  model="Cisco Cius SP">sipciusSP.9-2-4-45</loadInformation632>
<loadInformation647  model="Cisco DX650">sipdx650.10-0-1-103</loadInformation647>
<loadInformation348  model="Cisco 7931">SCCP31.9-3-1SR2-1S</loadInformation348>
<loadInformation9  model="Cisco 7935">P00503021900</loadInformation9>
<loadInformation537  model="Cisco 9951">sip9951.9-3-2-10</loadInformation537>
<loadInformation431  model="Cisco 7937">apps37sccp.1-4-4-0</loadInformation431>
<loadInformation375  model="Cisco TelePresence"></loadInformation375>
<loadInformation30008  model="Cisco 7902">CP7902080002SCCP060817A</loadInformation30008>
<loadInformation11  model="Cisco VGC Virtual Phone"></loadInformation11>
<loadInformation591  model="Cisco TelePresence 1300-47"></loadInformation591>
<loadInformation10  model="Cisco VGC Phone"></loadInformation10>
<loadInformation484  model="Cisco 7925">CP7925G-1.4.4.3</loadInformation484>
<loadInformation562  model="Cisco Dual Mode for iPhone"></loadInformation562>
<loadInformation8  model="Cisco 7940">P00308010200</loadInformation8>
<loadInformation479  model="Cisco TelePresence 3000"></loadInformation479>
<loadInformation30027  model="Analog Phone"></loadInformation30027>
<loadInformation119  model="Cisco 7971">SCCP70.9-3-1SR2-1S</loadInformation119>
<loadInformation596  model="Cisco TelePresence 1310-65"></loadInformation596>
<loadInformation577  model="Cisco 7926">CP7926G-1.4.4.3</loadInformation577>
<loadInformation564  model="Cisco 6945">SCCP6945.9-3-3-2</loadInformation564>
<loadInformation437  model="Cisco 7975">SCCP75.9-3-1SR2-1S</loadInformation437>
<loadInformation547  model="Cisco 6901">SCCP6901.9-3-1-SR1-3</loadInformation547>
<loadInformation404  model="Cisco 7962">SCCP42.9-3-1SR2-1S</loadInformation404>
<loadInformation435  model="Cisco 7945">SCCP45.9-3-1SR2-1S</loadInformation435>
<loadInformation302  model="Cisco 7985">cmterm_7985.4-1-7-0</loadInformation302>
<loadInformation575  model="Cisco Dual Mode for Android"></loadInformation575>
<loadInformation434  model="Cisco 7942">SCCP42.9-3-1SR2-1S</loadInformation434>
<loadInformation30028  model="ISDN BRI Phone"></loadInformation30028>
<loadInformation358  model="Cisco Unified Personal Communicator"></loadInformation358>
<loadInformation503  model="Cisco Unified Client Services Framework"></loadInformation503>
<loadInformation590  model="Cisco TelePresence 500-32"></loadInformation590>
<loadInformation493  model="Cisco 9971">sip9971.9-3-2-10</loadInformation493>
<loadInformation652  model="Cisco Jabber for Tablet"></loadInformation652>
<loadInformation335  model="Motorola CN622"></loadInformation335>
<loadInformation436  model="Cisco 7965">SCCP45.9-3-1SR2-1S</loadInformation436>
<loadInformation505  model="Cisco TelePresence 1300-65"></loadInformation505>
<loadInformation634  model="Cisco Virtualization Experience Client (VXC 6215)"></loadInformation634>
</Default>
