extension,password,name,voicemail,ringtimer,noanswer,recording,outboundcid,sipname,noanswer_cid,busy_cid,chanunavail_cid,noanswer_dest,busy_dest,chanunavail_dest,mohclass,id,tech,dial,devicetype,user,description,emergency_cid,hint_override,cwtone,recording_in_external,recording_out_external,recording_in_internal,recording_out_internal,recording_ondemand,recording_priority,answermode,intercom,cid_masquerade,concurrency_limit,devicedata,accountcode,aggregate_mwi,allow,avpf,bundle,callerid,context,defaultuser,device_state_busy_at,direct_media,disallow,dtmfmode,force_rport,icesupport,match,max_audio_streams,max_contacts,max_video_streams,maximum_expiration,media_encryption,media_encryption_optimistic,media_use_received_transport,message_context,minimum_expiration,mwi_subscription,namedcallgroup,namedpickupgroup,outbound_proxy,qualifyfreq,refer_blind_progress,rewrite_contact,rtcp_mux,rtp_symmetric,rtp_timeout,rtp_timeout_hold,secret,send_connected_line,sendrpid,sipdriver,timers,timers_min_se,transport,trustrpid,user_eq_phone,force_callerid,mailbox,webrtc,callwaiting_enable,findmefollow_strategy,findmefollow_grptime,findmefollow_grppre,findmefollow_grplist,findmefollow_annmsg_id,findmefollow_postdest,findmefollow_dring,findmefollow_needsconf,findmefollow_remotealert_id,findmefollow_toolate_id,findmefollow_ringing,findmefollow_pre_ring,findmefollow_voicemail,findmefollow_calendar_id,findmefollow_calendar_match,findmefollow_changecid,findmefollow_fixedcid,findmefollow_enabled,voicemail_enable,voicemail_vmpwd,voicemail_email,voicemail_pager,voicemail_options,voicemail_same_exten,disable_star_voicemail,vmx_unavail_enabled,vmx_busy_enabled,vmx_temp_enabled,vmx_play_instructions,vmx_option_0_number,vmx_option_1_number,vmx_option_2_number
2019,,"Фарои Э.З.",novm,0,,,,,,,,,,,default,2019,pjsip,PJSIP/2019,fixed,2019,"Фарои Э.З.",,,disabled,dontcare,dontcare,dontcare,dontcare,disabled,10,disabled,enabled,2019,3,2019,,yes,,no,no,"Фарои Э.З. <2019>",from-internal,,0,yes,,rfc4733,yes,no,,1,1,1,7200,no,no,no,,60,auto,,,,60,yes,yes,no,yes,0,0,2019,yes,pai,chan_pjsip,yes,90,,yes,no,,,,ENABLED,ringallv2,10,,2019-6340,,"ext-local,2019,dest",,,,,Ring,7,novm,,yes,default,,yes,,,,,,,,,,,,,,
2020,,2020,novm,0,,,2020,,,,,,,,default,2020,pjsip,PJSIP/2020,fixed,2020,2020,,,disabled,dontcare,dontcare,dontcare,dontcare,disabled,10,disabled,enabled,2020,3,2020,,yes,,no,no,"2020 <2020>",from-internal,,0,,,rfc4733,yes,no,,,1,,7200,no,no,no,,60,auto,,,,60,yes,yes,no,yes,,,2020,,pai,chan_pjsip,yes,,,yes,,,,,ENABLED,ringallv2-prim,20,,2020,,"ext-local,2020,dest",,,0,0,Ring,7,novm,,yes,default,,,,,,,,,,,,,,,,
2066,,"Мельниченко В.В.",novm,0,,,2066,,,,,,,,default,2066,pjsip,PJSIP/2066,fixed,2066,"Мельниченко В.В.",2066,,disabled,dontcare,dontcare,dontcare,dontcare,disabled,10,disabled,enabled,2066,3,2066,,yes,,no,no,"Мельниченко В.В. <2066>",from-internal,,0,yes,,rfc4733,yes,no,,1,1,1,7200,no,no,no,,60,auto,,,,60,yes,yes,no,yes,0,0,2066,yes,pai,chan_pjsip,yes,90,,yes,no,,,,ENABLED,ringallv2-prim,20,,2066,,"ext-local,2066,dest",,,,,Ring,7,novm,,yes,default,,,,,,,,,,,,,,,,
6070,,6070,novm,0,,,,,,,,,,,default,6070,pjsip,PJSIP/6070,fixed,6070,6070,,,disabled,dontcare,dontcare,dontcare,dontcare,disabled,10,disabled,enabled,6070,3,6070,,yes,,no,no,"6070 <6070>",from-internal,,0,yes,,rfc4733,yes,no,,1,1,1,7200,no,no,no,,60,auto,,,,60,yes,yes,no,yes,0,0,6070,yes,pai,chan_pjsip,yes,90,,yes,no,,,,ENABLED,ringallv2-prim,20,,6070,,"ext-local,6070,dest",,,,,Ring,7,novm,,yes,default,,,,,,,,,,,,,,,,
6100,6100,6100,novm,0,,,6100,,,,,,,"ext-findmefollow,FM6101,2",default,6100,pjsip,PJSIP/6100,fixed,6100,6100,6100,,,dontcare,dontcare,dontcare,dontcare,disabled,10,disabled,enabled,6100,3,6100,,yes,,no,no,"6100 <6100>",from-internal,,0,yes,,rfc4734,yes,no,,1,1,1,7200,no,no,no,,,auto,,,,60,,yes,no,yes,0,0,6100,yes,pai,chan_pjsip,yes,90,,yes,no,no,6100@device,no,ENABLED,ringallv2-prim,20,,8236100#,0,"ext-local,6100,dest",,,0,0,Ring,0,novm,,yes,default,,,,,,,,,,,,,,,,
6101,,"Босова Н.В.",novm,0,,,,,,,,,,,default,6101,pjsip,PJSIP/6101,fixed,6101,"Босова Н.В.",,,disabled,dontcare,dontcare,dontcare,dontcare,disabled,10,disabled,enabled,6101,3,6101,,no,,no,no,"Босова Н.В. <6101>",from-internal,,0,yes,,rfc4733,yes,no,,1,1,1,7200,no,no,no,,60,auto,,,,60,yes,yes,no,yes,0,0,6101,yes,pai,chan_pjsip,yes,90,,yes,no,,6101@device,,ENABLED,ringallv2-prim,20,,8236101#,,"ext-local,6101,dest",,,0,0,Ring,0,novm,,yes,default,,,,,,,,,,,,,,,,
6102,,"Урайкина Н.Е.",novm,0,,,6102,,,,,,,"ext-findmefollow,FM6103,2",default,6102,pjsip,PJSIP/6102,fixed,6102,"Урайкина Н.Е.",6102,,disabled,dontcare,dontcare,dontcare,dontcare,disabled,10,disabled,enabled,6102,3,6102,,yes,,no,no,"Урайкина Н.Е. <6102>",from-internal,,0,yes,,rfc4733,yes,no,,1,1,1,7200,no,no,no,,60,auto,,,,60,yes,yes,no,yes,0,0,6102,yes,pai,chan_pjsip,yes,90,,yes,no,,6102@device,,ENABLED,ringallv2-prim,20,,8236102#,,"ext-local,6102,dest",,,0,0,Ring,0,novm,,yes,default,,,,,,,,,,,,,,,,
6103,,"Конева О.С.",novm,0,,,,,,,,,,,default,6103,pjsip,PJSIP/6103,fixed,6103,"Конева О.С.",,,disabled,dontcare,dontcare,dontcare,dontcare,disabled,10,disabled,enabled,6103,3,6103,,no,,no,no,"Конева О.С. <6103>",from-internal,,0,yes,,rfc4733,yes,no,,1,1,1,7200,no,no,no,,60,auto,,,,60,yes,yes,no,yes,0,0,6103,yes,pai,chan_pjsip,yes,90,,yes,no,,6103@device,,ENABLED,ringallv2-prim,20,,8236103#,,"ext-local,6103,dest",,,0,0,Ring,0,novm,,yes,default,,,,,,,,,,,,,,,,
6104,,"Левчина С.В.",novm,0,,,6104,,,,,,,"ext-findmefollow,FM6105,2",default,6104,pjsip,PJSIP/6104,fixed,6104,"Левчина С.В.",6104,,disabled,dontcare,dontcare,dontcare,dontcare,disabled,10,disabled,enabled,6104,3,6104,,yes,,no,no,"Левчина С.В. <6104>",from-internal,,0,yes,,rfc4733,yes,no,,1,1,1,7200,no,no,no,,60,auto,,,,60,yes,yes,no,yes,0,0,6104,yes,pai,chan_pjsip,yes,90,,yes,no,,6104@device,,ENABLED,ringallv2-prim,20,,8236104#,,"ext-local,6104,dest",,,0,0,Ring,0,novm,,yes,default,,,,,,,,,,,,,,,,
6105,,"Величко Л.В.",novm,0,,,6105,,,,,,,"ext-findmefollow,FM6106,2",default,6105,pjsip,PJSIP/6105,fixed,6105,"Величко Л.В.",6105,,disabled,dontcare,dontcare,dontcare,dontcare,disabled,10,disabled,enabled,6105,3,6105,,yes,,no,no,"Величко Л.В. <6105>",from-internal,,0,yes,,rfc4733,yes,no,,1,1,1,7200,no,no,no,,60,auto,,,,60,yes,yes,no,yes,0,0,6105,yes,pai,chan_pjsip,yes,90,,yes,no,,6105@device,,ENABLED,ringallv2-prim,20,,8236105#,,"ext-local,6105,dest",,,0,0,Ring,0,novm,,yes,default,,,,,,,,,,,,,,,,
6106,,"Волынкина Ж.В.",novm,0,,,,,,,,,,,default,6106,pjsip,PJSIP/6106,fixed,6106,"Волынкина Ж.В.",,,disabled,dontcare,dontcare,dontcare,dontcare,disabled,10,disabled,enabled,6106,3,6106,,no,,no,no,"Волынкина Ж.В. <6106>",from-internal,,0,yes,,rfc4733,yes,no,,1,1,1,7200,no,no,no,,60,auto,,,,60,yes,yes,no,yes,0,0,6106,yes,pai,chan_pjsip,yes,90,,yes,no,,6106@device,,ENABLED,ringallv2-prim,20,,8236106#,,"ext-local,6106,dest",,,0,0,Ring,0,novm,,yes,default,,,,,,,,,,,,,,,,
6107,,"Кармаза Н.А.",novm,0,,,6107,,,,,,,"ext-findmefollow,FM6108,2",default,6107,pjsip,PJSIP/6107,fixed,6107,"Кармаза Н.А.",6107,,disabled,dontcare,dontcare,dontcare,dontcare,disabled,10,disabled,enabled,6107,3,6107,,yes,,no,no,"Кармаза Н.А. <6107>",from-internal,,0,yes,,rfc4733,yes,no,,1,1,1,7200,no,no,no,,60,auto,,,,60,yes,yes,no,yes,0,0,6107,yes,pai,chan_pjsip,yes,90,,yes,no,,6107@device,,ENABLED,ringallv2-prim,20,,8236107#,,"ext-local,6107,dest",,,0,0,Ring,0,novm,,yes,default,,,,,,,,,,,,,,,,
6108,,"Тулумджян  Г.Р.",novm,0,,,,,,,,,,,default,6108,pjsip,PJSIP/6108,fixed,6108,"Тулумджян  Г.Р.",,,disabled,dontcare,dontcare,dontcare,dontcare,disabled,10,disabled,enabled,6108,3,6108,,no,,no,no,"Тулумджян  Г.Р. <6108>",from-internal,,0,yes,,rfc4733,yes,no,,1,1,1,7200,no,no,no,,60,auto,,,,60,yes,yes,no,yes,0,0,6108,yes,pai,chan_pjsip,yes,90,,yes,no,,6108@device,,ENABLED,ringallv2-prim,20,,8236108#,,"ext-local,6108,dest",,,0,0,Ring,0,novm,,yes,default,,,,,,,,,,,,,,,,
6109,,"Ким  А.А.",novm,0,,,,,,,,,,,default,6109,pjsip,PJSIP/6109,fixed,6109,"Ким  А.А.",,,disabled,dontcare,dontcare,dontcare,dontcare,disabled,10,disabled,enabled,6109,3,6109,,no,,no,no,"Ким  А.А. <6109>",from-internal,,0,yes,,rfc4733,yes,no,,1,1,1,7200,no,no,no,,60,auto,,,,60,yes,yes,no,yes,0,0,6109,yes,pai,chan_pjsip,yes,90,,yes,no,,6109@device,,ENABLED,ringallv2-prim,20,,8236109#,,"ext-local,6109,dest",,,0,0,Ring,0,novm,,yes,default,,,,,,,,,,,,,,,,
6110,,"Коновалова  И.Н.",novm,0,,,,,,,,,,,default,6110,pjsip,PJSIP/6110,fixed,6110,"Коновалова  И.Н.",,,disabled,dontcare,dontcare,dontcare,dontcare,disabled,10,disabled,enabled,6110,3,6110,,no,,no,no,"Коновалова  И.Н. <6110>",from-internal,,0,yes,,rfc4733,yes,no,,1,1,1,7200,no,no,no,,60,auto,,,,60,yes,yes,no,yes,0,0,6110,yes,pai,chan_pjsip,yes,90,,yes,no,,6110@device,,ENABLED,ringallv2-prim,20,,8236110#,,"ext-local,6110,dest",,,0,0,Ring,0,novm,,yes,default,,,,,,,,,,,,,,,,
6111,,"Малхасян  Г.М.",novm,0,,,,,,,,,,,default,6111,pjsip,PJSIP/6111,fixed,6111,"Малхасян  Г.М.",,,disabled,dontcare,dontcare,dontcare,dontcare,disabled,10,disabled,enabled,6111,3,6111,,no,,no,no,"Малхасян  Г.М. <6111>",from-internal,,0,yes,,rfc4733,yes,no,,1,1,1,7200,no,no,no,,60,auto,,,,60,yes,yes,no,yes,0,0,6111,yes,pai,chan_pjsip,yes,90,,yes,no,,6111@device,,ENABLED,ringallv2-prim,20,,8236111#,,"ext-local,6111,dest",,,0,0,Ring,0,novm,,yes,default,,,,,,,,,,,,,,,,
6112,,"Савенкова  Т.И.",novm,0,,,6112,,,,,,,,default,6112,pjsip,PJSIP/6112,fixed,6112,"Савенкова  Т.И.",6112,,disabled,dontcare,dontcare,dontcare,dontcare,disabled,10,disabled,enabled,6112,3,6112,,yes,,no,no,"Савенкова  Т.И. <6112>",from-internal,,0,yes,,rfc4733,yes,no,,1,1,1,7200,no,no,no,,60,auto,,,,60,yes,yes,no,yes,0,0,6112,yes,pai,chan_pjsip,yes,90,,yes,no,,,,ENABLED,ringallv2-prim,20,,6112,,"ext-local,6112,dest",,,,,Ring,7,novm,,yes,default,,,,,,,,,,,,,,,,
6113,,"Мутик  Г.С.",novm,0,,,,,,,,,,,default,6113,pjsip,PJSIP/6113,fixed,6113,"Мутик  Г.С.",,,disabled,dontcare,dontcare,dontcare,dontcare,disabled,10,disabled,enabled,6113,3,6113,,no,,no,no,"Мутик  Г.С. <6113>",from-internal,,0,yes,,rfc4733,yes,no,,1,1,1,7200,no,no,no,,60,auto,,,,60,yes,yes,no,yes,0,0,6113,yes,pai,chan_pjsip,yes,90,,yes,no,,6113@device,,ENABLED,ringallv2-prim,20,,8236113#,,"ext-local,6113,dest",,,0,0,Ring,0,novm,,yes,default,,,,,,,,,,,,,,,,
6114,6114,"Нубарян  Н.И.",novm,0,,,,,,,,,,,default,6114,pjsip,PJSIP/6114,fixed,6114,"Нубарян  Н.И.",,,,dontcare,dontcare,dontcare,dontcare,disabled,10,disabled,enabled,6114,3,6114,,no,,no,no,"Нубарян  Н.И. <6114>",from-internal,,0,yes,,rfc4733,yes,no,,1,1,1,7200,no,no,no,,,auto,,,,60,,yes,no,yes,0,0,6114,yes,pai,chan_pjsip,yes,90,,yes,no,no,6114@device,no,ENABLED,ringallv2-prim,20,,8236114#,0,"ext-local,6114,dest",,,0,0,Ring,0,novm,,yes,default,,,,,,,,,,,,,,,,
6115,6115,"Давыдова  Д.А.",novm,0,,,,,,,,,,,default,6115,pjsip,PJSIP/6115,fixed,6115,"Давыдова  Д.А.",,,,dontcare,dontcare,dontcare,dontcare,disabled,10,disabled,enabled,6115,3,6115,,no,,no,no,"Давыдова  Д.А. <6115>",from-internal,,0,yes,,rfc4733,yes,no,,1,1,1,7200,no,no,no,,,auto,,,,60,,yes,no,yes,0,0,6115,yes,pai,chan_pjsip,yes,90,,yes,no,no,6115@device,no,ENABLED,ringallv2-prim,20,,8236115#,0,"ext-local,6115,dest",,,0,0,Ring,0,novm,,yes,default,,,,,,,,,,,,,,,,
6116,6116,"Воскобоева  В.Н.",novm,0,,,,,,,,,,,default,6116,pjsip,PJSIP/6116,fixed,6116,"Воскобоева  В.Н.",,,,dontcare,dontcare,dontcare,dontcare,disabled,10,disabled,enabled,6116,3,6116,,no,,no,no,"Воскобоева  В.Н. <6116>",from-internal,,0,yes,,rfc4733,yes,no,,1,1,1,7200,no,no,no,,,auto,,,,60,,yes,no,yes,0,0,6116,yes,pai,chan_pjsip,yes,90,,yes,no,no,6116@device,no,ENABLED,ringallv2-prim,20,,8236116#,0,"ext-local,6116,dest",,,0,0,Ring,0,novm,,yes,default,,,,,,,,,,,,,,,,
6117,,"Згардан В.В.",novm,0,,,,,,,,,,,default,6117,pjsip,PJSIP/6117,fixed,6117,"Згардан В.В.",,,disabled,dontcare,dontcare,dontcare,dontcare,disabled,10,disabled,enabled,6117,3,6117,,no,,no,no,"Згардан В.В. <6117>",from-internal,,0,yes,,rfc4733,yes,no,,1,1,1,7200,no,no,no,,60,auto,,,,60,yes,yes,no,yes,0,0,6117,yes,pai,chan_pjsip,yes,90,,yes,no,,6117@device,,ENABLED,ringallv2-prim,20,,8236117#,,"ext-local,6117,dest",,,0,0,Ring,0,novm,,yes,default,,,,,,,,,,,,,,,,
6118,,"Кегеян Ю.О.",novm,0,,,,,,,,,,,default,6118,pjsip,PJSIP/6118,fixed,6118,"Кегеян Ю.О.",,,disabled,dontcare,dontcare,dontcare,dontcare,disabled,10,disabled,enabled,6118,3,6118,,no,,no,no,"Кегеян Ю.О. <6118>",from-internal,,0,yes,,rfc4733,yes,no,,1,1,1,7200,no,no,no,,60,auto,,,,60,yes,yes,no,yes,0,0,6118,yes,pai,chan_pjsip,yes,90,,yes,no,,6118@device,,ENABLED,ringallv2-prim,20,,8236118#,,"ext-local,6118,dest",,,0,0,Ring,0,novm,,yes,default,,,,,,,,,,,,,,,,
6119,,"Квашилава М.Г.",novm,0,,,,,,,,,,,default,6119,pjsip,PJSIP/6119,fixed,6119,"Квашилава М.Г.",,,disabled,dontcare,dontcare,dontcare,dontcare,disabled,10,disabled,enabled,6119,3,6119,,no,,no,no,"Квашилава М.Г. <6119>",from-internal,,0,yes,,rfc4733,yes,no,,1,1,1,7200,no,no,no,,60,auto,,,,60,yes,yes,no,yes,0,0,6119,yes,pai,chan_pjsip,yes,90,,yes,no,,6119@device,,ENABLED,ringallv2-prim,20,,8236119#,,"ext-local,6119,dest",,,0,0,Ring,0,novm,,yes,default,,,,,,,,,,,,,,,,
6120,6120,"Мартюшева  М.И.",novm,0,,,,,,,,,,,default,6120,pjsip,PJSIP/6120,fixed,6120,"Мартюшева  М.И.",,,,dontcare,dontcare,dontcare,dontcare,disabled,10,disabled,enabled,6120,3,6120,,no,,no,no,"Мартюшева  М.И. <6120>",from-internal,,0,yes,,rfc4733,yes,no,,1,1,1,7200,no,no,no,,,auto,,,,60,,yes,no,yes,0,0,6120,yes,pai,chan_pjsip,yes,90,,yes,no,no,6120@device,no,ENABLED,ringallv2-prim,20,,8236120#,0,"ext-local,6120,dest",,,0,0,Ring,0,novm,,yes,default,,,,,,,,,,,,,,,,
6121,,"Заворотная С.М.",novm,0,,,6121,,,,,,,"ext-findmefollow,FM6122,2",default,6121,pjsip,PJSIP/6121,fixed,6121,"Заворотная С.М.",6121,,disabled,dontcare,dontcare,dontcare,dontcare,disabled,10,disabled,enabled,6121,3,6121,,yes,,no,no,"Заворотная С.М. <6121>",from-internal,,0,yes,,rfc4733,yes,no,,1,1,1,7200,no,no,no,,60,auto,,,,60,yes,yes,no,yes,0,0,6121,yes,pai,chan_pjsip,yes,90,,yes,no,,6121@device,,ENABLED,ringallv2-prim,20,,8236121#,,"ext-local,6121,dest",,,0,0,Ring,0,novm,,yes,default,,,,,,,,,,,,,,,,
6122,,"Домбалян В.В.",novm,0,,,6122,,,,,,,"ext-findmefollow,FM6123,2",default,6122,pjsip,PJSIP/6122,fixed,6122,"Домбалян В.В.",6122,,disabled,dontcare,dontcare,dontcare,dontcare,disabled,10,disabled,enabled,6122,3,6122,,yes,,no,no,"Домбалян В.В. <6122>",from-internal,,0,yes,,rfc4733,yes,no,,1,1,1,7200,no,no,no,,60,auto,,,,60,yes,yes,no,yes,0,0,6122,yes,pai,chan_pjsip,yes,90,,yes,no,,6122@device,,ENABLED,ringallv2-prim,20,,8236122#,,"ext-local,6122,dest",,,0,0,Ring,0,novm,,yes,default,,,,,,,,,,,,,,,,
6123,,"Жмурко Д.А.",novm,0,,,6123,,,,,,,"ext-findmefollow,FM6124,2",default,6123,pjsip,PJSIP/6123,fixed,6123,"Жмурко Д.А.",6123,,disabled,dontcare,dontcare,dontcare,dontcare,disabled,10,disabled,enabled,6123,3,6123,,yes,,no,no,"Жмурко Д.А. <6123>",from-internal,,0,yes,,rfc4733,yes,no,,1,1,1,7200,no,no,no,,60,auto,,,,60,yes,yes,no,yes,0,0,6123,yes,pai,chan_pjsip,yes,90,,yes,no,,6123@device,,ENABLED,ringallv2-prim,20,,8236123#,,"ext-local,6123,dest",,,0,0,Ring,0,novm,,yes,default,,,,,,,,,,,,,,,,
6124,,"Полевая В.В.",novm,0,,,6124,,,,,,,,default,6124,pjsip,PJSIP/6124,fixed,6124,"Полевая В.В.",6124,,disabled,dontcare,dontcare,dontcare,dontcare,disabled,10,disabled,enabled,6124,3,6124,,yes,,no,no,"Полевая В.В. <6124>",from-internal,,0,yes,,rfc4733,yes,no,,1,1,1,7200,no,no,no,,60,auto,,,,60,yes,yes,no,yes,0,0,6124,yes,pai,chan_pjsip,yes,90,,yes,no,,6124@device,,ENABLED,ringallv2-prim,20,,6124,,"ext-local,6124,dest",,,0,0,Ring,0,novm,,yes,default,,,,,,,,,,,,,,,,
6125,,"Данелян А.Е.",novm,0,,,,,,,,,,,default,6125,pjsip,PJSIP/6125,fixed,6125,"Данелян А.Е.",,,disabled,dontcare,dontcare,dontcare,dontcare,disabled,10,disabled,enabled,6125,3,6125,,no,,no,no,"Данелян А.Е. <6125>",from-internal,,0,yes,,rfc4733,yes,no,,1,1,1,7200,no,no,no,,60,auto,,,,60,yes,yes,no,yes,0,0,6125,yes,pai,chan_pjsip,yes,90,,yes,no,,6125@device,,ENABLED,ringallv2-prim,20,,8236125#,,"ext-local,6125,dest",,,0,0,Ring,0,novm,,yes,default,,,,,,,,,,,,,,,,
6126,,"Варфоломеев Г.В.",novm,0,,,,,,,,,,,default,6126,pjsip,PJSIP/6126,fixed,6126,"Варфоломеев Г.В.",,,disabled,dontcare,dontcare,dontcare,dontcare,disabled,10,disabled,enabled,6126,3,6126,,no,,no,no,"Варфоломеев Г.В. <6126>",from-internal,,0,yes,,rfc4733,yes,no,,1,1,1,7200,no,no,no,,60,auto,,,,60,yes,yes,no,yes,0,0,6126,yes,pai,chan_pjsip,yes,90,,yes,no,,6126@device,,ENABLED,ringallv2-prim,20,,8236126#,,"ext-local,6126,dest",,,0,0,Ring,0,novm,,yes,default,,,,,,,,,,,,,,,,
6127,,"Михайлова О.Н.",novm,0,,,6127,,,,,,,,default,6127,pjsip,PJSIP/6127,fixed,6127,"Михайлова О.Н.",6127,,disabled,dontcare,dontcare,dontcare,dontcare,disabled,10,disabled,enabled,6127,3,6127,,yes,,no,no,"Михайлова О.Н. <6127>",from-internal,,0,yes,,rfc4733,yes,no,,1,1,1,7200,no,no,no,,60,auto,,,,60,yes,yes,no,yes,0,0,6127,yes,pai,chan_pjsip,yes,90,,yes,no,,6127@device,,ENABLED,ringallv2-prim,20,,6127,,"ext-local,6127,dest",,,0,0,Ring,0,novm,,yes,default,,,,,,,,,,,,,,,,
6128,,"Егошина Е.В.",novm,0,,,6128,,,,,,,"ext-findmefollow,FM6129,2",default,6128,pjsip,PJSIP/6128,fixed,6128,"Егошина Е.В.",6128,,disabled,dontcare,dontcare,dontcare,dontcare,disabled,10,disabled,enabled,6128,3,6128,,yes,,no,no,"Егошина Е.В. <6128>",from-internal,,0,yes,,rfc4733,yes,no,,1,1,1,7200,no,no,no,,60,auto,,,,60,yes,yes,no,yes,0,0,6128,yes,pai,chan_pjsip,yes,90,,yes,no,,6128@device,,ENABLED,ringallv2-prim,20,,8236128#,,"ext-local,6128,dest",,,0,0,Ring,0,novm,,yes,default,,,,,,,,,,,,,,,,
6129,6129,"Азарова  А.Е.",novm,0,,,,,,,,,,,default,6129,pjsip,PJSIP/6129,fixed,6129,"Азарова  А.Е.",,,,dontcare,dontcare,dontcare,dontcare,disabled,10,disabled,enabled,6129,3,6129,,no,,no,no,"Азарова  А.Е. <6129>",from-internal,,0,yes,,rfc4733,yes,no,,1,1,1,7200,no,no,no,,,auto,,,,60,,yes,no,yes,0,0,6129,yes,pai,chan_pjsip,yes,90,,yes,no,no,6129@device,no,ENABLED,ringallv2-prim,20,,8236129#,0,"ext-local,6129,dest",,,0,0,Ring,0,novm,,yes,default,,,,,,,,,,,,,,,,
6130,,"Тарасьян А.С.",novm,0,,,6130,,,,,,,"ext-findmefollow,FM6131,2",default,6130,pjsip,PJSIP/6130,fixed,6130,"Тарасьян А.С.",6130,,disabled,dontcare,dontcare,dontcare,dontcare,disabled,10,disabled,enabled,6130,3,6130,,yes,,no,no,"Тарасьян А.С. <6130>",from-internal,,0,yes,,rfc4733,yes,no,,1,1,1,7200,no,no,no,,60,auto,,,,60,yes,yes,no,yes,0,0,6130,yes,pai,chan_pjsip,yes,90,,yes,no,,6130@device,,ENABLED,ringallv2-prim,20,,8236130#,,"ext-local,6130,dest",,,0,0,Ring,0,novm,,yes,default,,,,,,,,,,,,,,,,
6131,,"Катани Г.О.",novm,0,,,6131,,,,,,,"ext-findmefollow,FM6132,2",default,6131,pjsip,PJSIP/6131,fixed,6131,"Катани Г.О.",6131,,disabled,dontcare,dontcare,dontcare,dontcare,disabled,10,disabled,enabled,6131,3,6131,,yes,,no,no,"Катани Г.О. <6131>",from-internal,,0,yes,,rfc4733,yes,no,,1,1,1,7200,no,no,no,,60,auto,,,,60,yes,yes,no,yes,0,0,6131,yes,pai,chan_pjsip,yes,90,,yes,no,,6131@device,,ENABLED,ringallv2-prim,20,,8236131#,,"ext-local,6131,dest",,,0,0,Ring,0,novm,,yes,default,,,,,,,,,,,,,,,,
6132,,"Голик В.К.",novm,0,,,6132,,,,,,,"ext-findmefollow,FM6133,2",default,6132,pjsip,PJSIP/6132,fixed,6132,"Голик В.К.",6132,,disabled,dontcare,dontcare,dontcare,dontcare,disabled,10,disabled,enabled,6132,3,6132,,yes,,no,no,"Голик В.К. <6132>",from-internal,,0,yes,,rfc4733,yes,no,,1,1,1,7200,no,no,no,,60,auto,,,,60,yes,yes,no,yes,0,0,6132,yes,pai,chan_pjsip,yes,90,,yes,no,,6132@device,,ENABLED,ringallv2-prim,20,,8236132#,,"ext-local,6132,dest",,,0,0,Ring,0,novm,,yes,default,,,,,,,,,,,,,,,,
6133,6133,6133,novm,0,,,6133,,,,,,,"ext-findmefollow,FM6134,2",default,6133,pjsip,PJSIP/6133,fixed,6133,6133,6133,,,dontcare,dontcare,dontcare,dontcare,disabled,10,disabled,enabled,6133,3,6133,,yes,,no,no,"6133 <6133>",from-internal,,0,yes,,rfc4767,yes,no,,1,1,1,7200,no,no,no,,,auto,,,,60,,yes,no,yes,0,0,6133,yes,pai,chan_pjsip,yes,90,,yes,no,no,6133@device,no,ENABLED,ringallv2-prim,20,,8236133#,0,"ext-local,6133,dest",,,0,0,Ring,0,novm,,yes,default,,,,,,,,,,,,,,,,
6134,,"Катани Г.О.",novm,0,,,6134,,,,,,,"ext-findmefollow,FM6135,2",default,6134,pjsip,PJSIP/6134,fixed,6134,"Катани Г.О.",6134,,disabled,dontcare,dontcare,dontcare,dontcare,disabled,10,disabled,enabled,6134,3,6134,,yes,,no,no,"Катани Г.О. <6134>",from-internal,,0,yes,,rfc4733,yes,no,,1,1,1,7200,no,no,no,,60,auto,,,,60,yes,yes,no,yes,0,0,6134,yes,pai,chan_pjsip,yes,90,,yes,no,,6134@device,,ENABLED,ringallv2-prim,20,,8236134#,,"ext-local,6134,dest",,,0,0,Ring,0,novm,,yes,default,,,,,,,,,,,,,,,,
6135,,"Саулян М.А.",novm,0,,,6135,,,,,,,,default,6135,pjsip,PJSIP/6135,fixed,6135,"Саулян М.А.",,,disabled,dontcare,dontcare,dontcare,dontcare,disabled,10,disabled,enabled,6135,3,6135,,yes,,no,no,"Саулян М.А. <6135>",from-internal,,0,yes,,rfc4733,yes,no,,1,1,1,7200,no,no,no,,60,auto,,,,60,yes,yes,no,yes,0,0,6135,yes,pai,chan_pjsip,yes,90,,yes,no,,,,ENABLED,ringallv2-prim,20,,6135,,"ext-local,6135,dest",,,,,Ring,7,novm,,yes,default,,,,,,,,,,,,,,,,
6136,,"Зеленая Е.Ю.",novm,0,,,6136,,,,,,,"ext-findmefollow,FM6137,2",default,6136,pjsip,PJSIP/6136,fixed,6136,"Зеленая Е.Ю.",6136,,disabled,dontcare,dontcare,dontcare,dontcare,disabled,10,disabled,enabled,6136,3,6136,,yes,,no,no,"Зеленая Е.Ю. <6136>",from-internal,,0,yes,,rfc4733,yes,no,,1,1,1,7200,no,no,no,,60,auto,,,,60,yes,yes,no,yes,0,0,6136,yes,pai,chan_pjsip,yes,90,,yes,no,,6136@device,,ENABLED,ringallv2-prim,20,,8236136#,,"ext-local,6136,dest",,,0,0,Ring,0,novm,,yes,default,,,,,,,,,,,,,,,,
6137,,"Терещенко Е.С.",novm,0,,,,,,,,,,,default,6137,pjsip,PJSIP/6137,fixed,6137,"Терещенко Е.С.",,,disabled,dontcare,dontcare,dontcare,dontcare,disabled,10,disabled,enabled,6137,3,6137,,no,,no,no,"Терещенко Е.С. <6137>",from-internal,,0,yes,,rfc4733,yes,no,,1,1,1,7200,no,no,no,,60,auto,,,,60,yes,yes,no,yes,0,0,6137,yes,pai,chan_pjsip,yes,90,,yes,no,,6137@device,,ENABLED,ringallv2-prim,20,,8236137#,,"ext-local,6137,dest",,,0,0,Ring,0,novm,,yes,default,,,,,,,,,,,,,,,,
6138,,"Оганесян  Н.А.",novm,0,,,,,,,,,,,default,6138,pjsip,PJSIP/6138,fixed,6138,"Оганесян  Н.А.",,,disabled,dontcare,dontcare,dontcare,dontcare,disabled,10,disabled,enabled,6138,3,6138,,no,,no,no,"Оганесян  Н.А. <6138>",from-internal,,0,yes,,rfc4733,yes,no,,1,1,1,7200,no,no,no,,60,auto,,,,60,yes,yes,no,yes,0,0,6138,yes,pai,chan_pjsip,yes,90,,yes,no,,6138@device,,ENABLED,ringallv2-prim,20,,8236138#,,"ext-local,6138,dest",,,0,0,Ring,0,novm,,yes,default,,,,,,,,,,,,,,,,
6139,,"Кобзарь Л.Н.",novm,0,,,6139,,,,,,,"ext-findmefollow,FM6140,2",default,6139,pjsip,PJSIP/6139,fixed,6139,"Кобзарь Л.Н.",6139,,disabled,dontcare,dontcare,dontcare,dontcare,disabled,10,disabled,enabled,6139,3,6139,,yes,,no,no,"Кобзарь Л.Н. <6139>",from-internal,,0,yes,,rfc4733,yes,no,,1,1,1,7200,no,no,no,,60,auto,,,,60,yes,yes,no,yes,0,0,6139,yes,pai,chan_pjsip,yes,90,,yes,no,,6139@device,,ENABLED,ringallv2-prim,20,,8236139#,,"ext-local,6139,dest",,,0,0,Ring,0,novm,,yes,default,,,,,,,,,,,,,,,,
6140,,"Селезнева ТП",novm,0,,,6140,,,,,,,"ext-findmefollow,FM6141,2",default,6140,pjsip,PJSIP/6140,fixed,6140,"Селезнева ТП",6140,,disabled,dontcare,dontcare,dontcare,dontcare,disabled,10,disabled,enabled,6140,3,6140,,yes,,no,no,"Селезнева ТП <6140>",from-internal,,0,yes,,rfc4733,yes,no,,1,1,1,7200,no,no,no,,60,auto,,,,60,yes,yes,no,yes,0,0,6140,yes,pai,chan_pjsip,yes,90,,yes,no,,6140@device,,ENABLED,ringallv2-prim,20,,8236140#,,"ext-local,6140,dest",,,0,0,Ring,0,novm,,yes,default,,,,,,,,,,,,,,,,
6141,,"Петров Б.Г.",novm,0,,,,,,,,,,,default,6141,pjsip,PJSIP/6141,fixed,6141,"Петров Б.Г.",,,disabled,dontcare,dontcare,dontcare,dontcare,disabled,10,disabled,enabled,6141,3,6141,,no,,no,no,"Петров Б.Г. <6141>",from-internal,,0,yes,,rfc4733,yes,no,,1,1,1,7200,no,no,no,,60,auto,,,,60,yes,yes,no,yes,0,0,6141,yes,pai,chan_pjsip,yes,90,,yes,no,,6141@device,,ENABLED,ringallv2-prim,20,,8236141#,,"ext-local,6141,dest",,,0,0,Ring,0,novm,,yes,default,,,,,,,,,,,,,,,,
6142,,6142,novm,0,,,6142,,,,,,,"ext-findmefollow,FM6143,2",default,6142,pjsip,PJSIP/6142,fixed,6142,6142,6142,,disabled,dontcare,dontcare,dontcare,dontcare,disabled,10,disabled,enabled,6142,3,6142,,yes,,no,no,"6142 <6142>",from-internal,,0,yes,,rfc4733,yes,no,,1,1,1,7200,no,no,no,,60,auto,,,,60,yes,yes,no,yes,0,0,6142,yes,pai,chan_pjsip,yes,90,,yes,no,,6142@device,,ENABLED,ringallv2-prim,20,,8236142#,,"ext-local,6142,dest",,,0,0,Ring,0,novm,,yes,default,,,,,,,,,,,,,,,,
6143,,"Закаидзе Е.Г.",novm,0,,,6143,,,,,,,"ext-findmefollow,FM6144,2",default,6143,pjsip,PJSIP/6143,fixed,6143,"Закаидзе Е.Г.",6143,,disabled,dontcare,dontcare,dontcare,dontcare,disabled,10,disabled,enabled,6143,3,6143,,yes,,no,no,"Закаидзе Е.Г. <6143>",from-internal,,0,yes,,rfc4733,yes,no,,1,1,1,7200,no,no,no,,60,auto,,,,60,yes,yes,no,yes,0,0,6143,yes,pai,chan_pjsip,yes,90,,yes,no,,6143@device,,ENABLED,ringallv2-prim,20,,8236143#,,"ext-local,6143,dest",,,0,0,Ring,0,novm,,yes,default,,,,,,,,,,,,,,,,
6144,,"Хачикян ВВ",novm,0,,,,,,,,,,,default,6144,pjsip,PJSIP/6144,fixed,6144,"Хачикян ВВ",,,disabled,dontcare,dontcare,dontcare,dontcare,disabled,10,disabled,enabled,6144,3,6144,,no,,no,no,"Хачикян ВВ <6144>",from-internal,,0,yes,,rfc4733,yes,no,,1,1,1,7200,no,no,no,,60,auto,,,,60,yes,yes,no,yes,0,0,6144,yes,pai,chan_pjsip,yes,90,,yes,no,,6144@device,,ENABLED,ringallv2-prim,20,,8236144#,,"ext-local,6144,dest",,,0,0,Ring,0,novm,,yes,default,,,,,,,,,,,,,,,,
6145,,"Морозов  С.А.",novm,0,,,,,,,,,,,default,6145,pjsip,PJSIP/6145,fixed,6145,"Морозов  С.А.",,,disabled,dontcare,dontcare,dontcare,dontcare,disabled,10,disabled,enabled,6145,3,6145,,no,,no,no,"Морозов  С.А. <6145>",from-internal,,0,yes,,rfc4733,yes,no,,1,1,1,7200,no,no,no,,60,auto,,,,60,yes,yes,no,yes,0,0,6145,yes,pai,chan_pjsip,yes,90,,yes,no,,6145@device,,ENABLED,ringallv2-prim,20,,8236145#,,"ext-local,6145,dest",,,0,0,Ring,0,novm,,yes,default,,,,,,,,,,,,,,,,
6146,,"Логачева Т.И.",novm,0,,,6146,,,,,,,"ext-findmefollow,FM6147,2",default,6146,pjsip,PJSIP/6146,fixed,6146,"Логачева Т.И.",6146,,disabled,dontcare,dontcare,dontcare,dontcare,disabled,10,disabled,enabled,6146,3,6146,,yes,,no,no,"Логачева Т.И. <6146>",from-internal,,0,yes,,rfc4733,yes,no,,1,1,1,7200,no,no,no,,60,auto,,,,60,yes,yes,no,yes,0,0,6146,yes,pai,chan_pjsip,yes,90,,yes,no,,6146@device,,ENABLED,ringallv2-prim,20,,8236146#,,"ext-local,6146,dest",,,0,0,Ring,0,novm,,yes,default,,,,,,,,,,,,,,,,
6147,,6147,novm,0,,,6147,,,,,,,"ext-findmefollow,FM6148,2",default,6147,pjsip,PJSIP/6147,fixed,6147,6147,6147,,disabled,dontcare,dontcare,dontcare,dontcare,disabled,10,disabled,enabled,6147,3,6147,,yes,,no,no,"6147 <6147>",from-internal,,0,yes,,rfc4733,yes,no,,1,1,1,7200,no,no,no,,60,auto,,,,60,yes,yes,no,yes,0,0,6147,yes,pai,chan_pjsip,yes,90,,yes,no,,6147@device,,ENABLED,ringallv2-prim,20,,8236147#,,"ext-local,6147,dest",,,0,0,Ring,0,novm,,yes,default,,,,,,,,,,,,,,,,
6148,6148,6148,novm,0,,,6148,,,,,,,"ext-findmefollow,FM6149,2",default,6148,pjsip,PJSIP/6148,fixed,6148,6148,6148,,,dontcare,dontcare,dontcare,dontcare,disabled,10,disabled,enabled,6148,3,6148,,yes,,no,no,"6148 <6148>",from-internal,,0,yes,,rfc4782,yes,no,,1,1,1,7200,no,no,no,,,auto,,,,60,,yes,no,yes,0,0,6148,yes,pai,chan_pjsip,yes,90,,yes,no,no,6148@device,no,ENABLED,ringallv2-prim,20,,8236148#,0,"ext-local,6148,dest",,,0,0,Ring,0,novm,,yes,default,,,,,,,,,,,,,,,,
6149,6149,6149,novm,0,,,6149,,,,,,,"ext-findmefollow,FM,2",default,6149,pjsip,PJSIP/6149,fixed,6149,6149,6149,,,dontcare,dontcare,dontcare,dontcare,disabled,10,disabled,enabled,6149,3,6149,,yes,,no,no,"6149 <6149>",from-internal,,0,yes,,rfc4783,yes,no,,1,1,1,7200,no,no,no,,,auto,,,,60,,yes,no,yes,0,0,6149,yes,pai,chan_pjsip,yes,90,,yes,no,no,6149@device,no,ENABLED,ringallv2-prim,20,,8236149#,0,"ext-local,6149,dest",,,0,0,Ring,0,novm,,yes,default,,,,,,,,,,,,,,,,
6150,,"Буханова  А.В.",novm,0,,,,,,,,,,,default,6150,pjsip,PJSIP/6150,fixed,6150,"Буханова  А.В.",,,disabled,dontcare,dontcare,dontcare,dontcare,disabled,10,disabled,enabled,6150,3,6150,,no,,no,no,"Буханова  А.В. <6150>",from-internal,,0,yes,,rfc4733,yes,no,,1,1,1,7200,no,no,no,,60,auto,,,,60,yes,yes,no,yes,0,0,6150,yes,pai,chan_pjsip,yes,90,,yes,no,,6150@device,,ENABLED,ringallv2-prim,20,,6150,,"ext-local,6150,dest",,,,,Ring,7,novm,,yes,default,,,,,,,,,,,,,,,,
6152,,"Карпова  А.А.",novm,0,,,,,,,,,,,default,6152,pjsip,PJSIP/6152,fixed,6152,"Карпова  А.А.",,,disabled,dontcare,dontcare,dontcare,dontcare,disabled,10,disabled,enabled,6152,3,6152,,no,,no,no,"Карпова  А.А. <6152>",from-internal,,0,yes,,rfc4733,yes,no,,1,1,1,7200,no,no,no,,60,auto,,,,60,yes,yes,no,yes,0,0,9a3bbb6f441eeee27afe378bb91de898,yes,pai,chan_pjsip,yes,90,,yes,no,,6152@device,,ENABLED,ringallv2-prim,20,,6152,,"ext-local,6152,dest",,,,,Ring,7,novm,,yes,default,,,,,,,,,,,,,,,,
6153,,"Бураченко  О.Ю.",novm,0,,,,,,,,,,,default,6153,pjsip,PJSIP/6153,fixed,6153,"Бураченко  О.Ю.",,,disabled,dontcare,dontcare,dontcare,dontcare,disabled,10,disabled,enabled,6153,3,6153,,no,,no,no,"Бураченко  О.Ю. <6153>",from-internal,,0,yes,,rfc4733,yes,no,,1,1,1,7200,no,no,no,,60,auto,,,,60,yes,yes,no,yes,0,0,9e370b7ebd6d2800254d3a5331d73d06,yes,pai,chan_pjsip,yes,90,,yes,no,,6153@device,,ENABLED,ringallv2-prim,20,,6153,,"ext-local,6153,dest",,,,,Ring,7,novm,,yes,default,,,,,,,,,,,,,,,,
6154,,"Першина А.И.",novm,0,,,6154,,,,,,,,default,6154,pjsip,PJSIP/6154,fixed,6154,"Першина А.И.",6154,,disabled,dontcare,dontcare,dontcare,dontcare,disabled,10,disabled,enabled,6154,3,6154,,yes,,no,no,"Першина А.И. <6154>",from-internal,,0,yes,,rfc4733,yes,no,,1,1,1,7200,no,no,no,,60,auto,,,,60,yes,yes,no,yes,0,0,6154,yes,pai,chan_pjsip,yes,90,,yes,no,,,,ENABLED,ringallv2-prim,20,,6154,,"ext-local,6154,dest",,,,,Ring,7,novm,,yes,default,,,,,,,,,,,,,,,,
6155,,"Осмоловская  Е.О.",novm,0,,,6155,,,,,,,,default,6155,pjsip,PJSIP/6155,fixed,6155,"Осмоловская  Е.О.",6155,,disabled,dontcare,dontcare,dontcare,dontcare,disabled,10,disabled,enabled,6155,3,6155,,yes,,no,no,"Осмоловская  Е.О. <6155>",from-internal,,0,yes,,rfc4733,yes,no,,1,1,1,7200,no,no,no,,60,auto,,,,60,yes,yes,no,yes,0,0,6155,,pai,chan_pjsip,yes,90,,yes,no,,,,ENABLED,ringallv2-prim,20,,6155,,"ext-local,6155,dest",,,,,Ring,7,novm,,yes,default,,,,,,,,,,,,,,,,
6300,,"Бойко Р.В.",novm,0,,,,,,,,,,,default,6300,pjsip,PJSIP/6300,fixed,6300,"Бойко Р.В.",,,disabled,dontcare,dontcare,dontcare,dontcare,disabled,10,disabled,enabled,6300,3,6300,,no,,no,no,"Бойко Р.В. <6300>",from-internal,,0,yes,,rfc4733,yes,no,,1,1,1,7200,no,no,no,,60,auto,,,,60,yes,yes,no,yes,0,0,6300,yes,pai,chan_pjsip,yes,90,,yes,no,,6300@device,,ENABLED,ringallv2-prim,20,,6300,,"ext-local,6300,dest",,,0,0,Ring,7,novm,,yes,default,,,,,,,,,,,,,,,,
6301,,"Данов  М.В.",novm,0,,,,,,,,,,,default,6301,pjsip,PJSIP/6301,fixed,6301,"Данов  М.В.",,,disabled,dontcare,dontcare,dontcare,dontcare,disabled,10,disabled,enabled,6301,3,6301,,no,,no,no,"Данов  М.В. <6301>",from-internal,,0,yes,,rfc4733,yes,no,,1,1,1,7200,no,no,no,,60,auto,,,,60,yes,yes,no,yes,0,0,6301,yes,pai,chan_pjsip,yes,90,,yes,no,,6301@device,,ENABLED,ringallv2-prim,20,,6301,,"ext-local,6301,dest",,,0,0,Ring,7,novm,,yes,default,,,,,,,,,,,,,,,,
6302,6302,"Тарасьян А.С.",novm,0,,,6302,,,,,,,,default,6302,pjsip,PJSIP/6302,fixed,6302,"Тарасьян А.С.",,,,dontcare,dontcare,dontcare,dontcare,disabled,10,disabled,enabled,6302,3,6302,,yes,,no,no,"Тарасьян А.С. <6302>",from-internal,,0,yes,,rfc4733,yes,no,,1,1,1,7200,no,no,no,,,auto,,,,60,,yes,no,yes,0,0,6302,yes,pai,chan_pjsip,yes,90,,yes,no,,,,ENABLED,ringallv2-prim,20,,6302,0,"ext-local,6302,dest",,,0,0,Ring,7,novm,,yes,default,,,,,,,,,,,,,,,,
6303,,"Бондарь Н.В.",novm,0,,,,,,,,,,,default,6303,pjsip,PJSIP/6303,fixed,6303,"Бондарь Н.В.",,,disabled,dontcare,dontcare,dontcare,dontcare,disabled,10,disabled,enabled,6303,3,6303,,no,,no,no,"Бондарь Н.В. <6303>",from-internal,,0,yes,,rfc4733,yes,no,,1,1,1,7200,no,no,no,,60,auto,,,,60,yes,yes,no,yes,0,0,6303,yes,pai,chan_pjsip,yes,90,,yes,no,,6303@device,,ENABLED,ringallv2-prim,20,,6303,,"ext-local,6303,dest",,,0,0,Ring,7,novm,,yes,default,,,,,,,,,,,,,,,,
6304,6304,"Староверова Е.П.",default,0,,,6304,,,,,,,,default,6304,pjsip,PJSIP/6304,fixed,6304,"Староверова Е.П.",,,,dontcare,dontcare,dontcare,dontcare,disabled,10,disabled,enabled,6304,0,6304,,no,,no,no,"Староверова Е.П. <6304>",from-internal,,0,yes,,rfc4733,yes,no,,1,1,1,7200,no,no,no,,,auto,,,,60,,yes,no,yes,0,0,6304,yes,pai,chan_pjsip,yes,90,,yes,no,,6304@device,,ENABLED,ringallv2-prim,20,,6304,0,"ext-local,6304,dest",,,0,0,Ring,7,default,,yes,default,,,yes,6304,,,attach=no|saycid=no|envelope=no|delete=no,no,no,blocked,blocked,blocked,1,,,
6305,,"Силагадзе  Е.В.",novm,0,,,,,,,,,,,default,6305,pjsip,PJSIP/6305,fixed,6305,"Силагадзе  Е.В.",,,disabled,dontcare,dontcare,dontcare,dontcare,disabled,10,disabled,enabled,6305,3,6305,,no,,no,no,"Силагадзе  Е.В. <6305>",from-internal,,0,yes,,rfc4733,yes,no,,1,1,1,7200,no,no,no,,60,auto,,,,60,yes,yes,no,yes,0,0,6305,yes,pai,chan_pjsip,yes,90,,yes,no,,6305@device,,ENABLED,ringallv2-prim,20,,6305,,"ext-local,6305,dest",,,0,0,Ring,7,novm,,yes,default,,,,,,,,,,,,,,,,
6306,,"Крестинина  О.А.",novm,0,,,,,,,,,,,default,6306,pjsip,PJSIP/6306,fixed,6306,"Крестинина  О.А.",,,disabled,dontcare,dontcare,dontcare,dontcare,disabled,10,disabled,enabled,6306,3,6306,,no,,no,no,"Крестинина  О.А. <6306>",from-internal,,0,yes,,rfc4733,yes,no,,1,1,1,7200,no,no,no,,60,auto,,,,60,yes,yes,no,yes,0,0,6306,yes,pai,chan_pjsip,yes,90,,yes,no,,6306@device,,ENABLED,ringallv2-prim,20,,6306,,"ext-local,6306,dest",,,0,0,Ring,7,novm,,yes,default,,,,,,,,,,,,,,,,
6307,6307,"Каргин Ф.Н.",default,0,,,6307,,,,,,,,default,6307,pjsip,PJSIP/6307,fixed,6307,"Каргин Ф.Н.",,,,dontcare,dontcare,dontcare,dontcare,disabled,10,disabled,enabled,6307,0,6307,,no,,no,no,"Каргин Ф.Н. <6307>",from-internal,,0,yes,,rfc4733,yes,no,,1,1,1,7200,no,no,no,,,auto,,,,60,,yes,no,yes,0,0,6307,yes,pai,chan_pjsip,yes,90,,yes,no,,6307@device,,ENABLED,ringallv2-prim,20,,6307,0,"ext-local,6307,dest",,,0,0,Ring,7,default,,yes,default,,,yes,6307,,,attach=no|saycid=no|envelope=no|delete=no,no,no,blocked,blocked,blocked,1,,,
6308,6308,"Сазонова К.А.",default,0,,,6308,,,,,,,,default,6308,pjsip,PJSIP/6308,fixed,6308,"Сазонова К.А.",,,,dontcare,dontcare,dontcare,dontcare,disabled,10,disabled,enabled,6308,0,6308,,no,,no,no,"Сазонова К.А. <6308>",from-internal,,0,yes,,rfc4733,yes,no,,1,1,1,7200,no,no,no,,,auto,,,,60,,yes,no,yes,0,0,6308,yes,pai,chan_pjsip,yes,90,,yes,no,,6308@device,,ENABLED,ringallv2-prim,20,,6308,0,"ext-local,6308,dest",,,0,0,Ring,7,default,,yes,default,,,yes,6308,,,attach=no|saycid=no|envelope=no|delete=no,no,no,blocked,blocked,blocked,1,,,
6309,6309,"Петров Б.Г.",novm,0,,,6309,,,,,,,,default,6309,pjsip,PJSIP/6309,fixed,6309,"Петров Б.Г.",,,,dontcare,dontcare,dontcare,dontcare,disabled,10,disabled,enabled,6309,3,6309,,yes,,no,no,"Петров Б.Г. <6309>",from-internal,,0,yes,,rfc4733,yes,no,,1,1,1,7200,no,no,no,,,auto,,,,60,,yes,no,yes,0,0,6309,yes,pai,chan_pjsip,yes,90,,yes,no,,6309@device,,ENABLED,ringallv2-prim,20,,6309,0,"ext-local,6309,dest",,,0,0,Ring,7,novm,,yes,default,,,,,,,,,,,,,,,,
6310,,"Егошина Е.В.",novm,0,,,6310,,,,,,,,default,6310,pjsip,PJSIP/6310,fixed,6310,"Егошина Е.В.",,,disabled,dontcare,dontcare,dontcare,dontcare,disabled,10,disabled,enabled,6310,3,6310,,yes,,no,no,"Егошина Е.В. <6310>",from-internal,,0,yes,,rfc4733,yes,no,,1,1,1,7200,no,no,no,,60,auto,,,,60,yes,yes,no,yes,0,0,6310,yes,pai,chan_pjsip,yes,90,,yes,no,,6310@device,,ENABLED,ringallv2-prim,20,,6310,,"ext-local,6310,dest",,,0,0,Ring,7,novm,,yes,default,,,,,,,,,,,,,,,,
6311,,"Касумян  А.Г.",novm,0,,,,,,,,,,,default,6311,pjsip,PJSIP/6311,fixed,6311,"Касумян  А.Г.",,,disabled,dontcare,dontcare,dontcare,dontcare,disabled,10,disabled,enabled,6311,3,6311,,no,,no,no,"Касумян  А.Г. <6311>",from-internal,,0,yes,,rfc4733,yes,no,,1,1,1,7200,no,no,no,,60,auto,,,,60,yes,yes,no,yes,0,0,6311,yes,pai,chan_pjsip,yes,90,,yes,no,,6311@device,,ENABLED,ringallv2-prim,20,,6311,,"ext-local,6311,dest",,,0,0,Ring,7,novm,,yes,default,,,,,,,,,,,,,,,,
6312,6312,"Сорокоумова Н.А.",novm,0,,,6312,,,,,,,,default,6312,pjsip,PJSIP/6312,fixed,6312,"Сорокоумова Н.А.",,,,dontcare,dontcare,dontcare,dontcare,disabled,10,disabled,enabled,6312,3,6312,,yes,,no,no,"Сорокоумова Н.А. <6312>",from-internal,,0,yes,,rfc4733,yes,no,,1,1,1,7200,no,no,no,,,auto,,,,60,,yes,no,yes,0,0,6312,yes,pai,chan_pjsip,yes,90,,yes,no,,6312@device,,ENABLED,ringallv2-prim,20,,6312,0,"ext-local,6312,dest",,,0,0,Ring,7,novm,,yes,default,,,,,,,,,,,,,,,,
6313,,"Сидоренко Р.Е.",novm,0,,,6313,,,,,,,,default,6313,pjsip,PJSIP/6313,fixed,6313,"Сидоренко Р.Е.",,,disabled,dontcare,dontcare,dontcare,dontcare,disabled,10,disabled,enabled,6313,3,6313,,yes,,no,no,"Сидоренко Р.Е. <6313>",from-internal,,0,yes,,rfc4733,yes,no,,1,1,1,7200,no,no,no,,60,auto,,,,60,yes,yes,no,yes,0,0,6313,yes,pai,chan_pjsip,yes,90,,yes,no,,,,ENABLED,ringallv2-prim,20,,6313-6300,,"ext-local,6313,dest",,,,,indi,7,novm,,yes,default,,yes,,,,,,,,,,,,,,
6314,6314,6314,novm,0,,,6314,,,,,,,,default,6314,pjsip,PJSIP/6314,fixed,6314,6314,,,,dontcare,dontcare,dontcare,dontcare,disabled,10,disabled,,6314,3,6314,,yes,,no,no,"6314 <6314>",from-internal,,0,,,rfc4738,yes,no,,,1,,7200,no,no,no,,,auto,,,,60,,yes,no,yes,,,6314,,pai,chan_pjsip,yes,,,yes,,,6314@device,,ENABLED,ringallv2-prim,20,,6314,0,"ext-local,6314,dest",,,0,0,Ring,7,novm,,yes,default,,,,,,,,,,,,,,,,
6315,,"Сутырин А.М.",novm,0,,,,,,,,,,,default,6315,pjsip,PJSIP/6315,fixed,6315,"Сутырин А.М.",,,disabled,dontcare,dontcare,dontcare,dontcare,disabled,10,disabled,enabled,6315,3,6315,,no,,no,no,"Сутырин А.М. <6315>",from-internal,,0,yes,,rfc4733,yes,no,,1,1,1,7200,no,no,no,,60,auto,,,,60,yes,yes,no,yes,0,0,6315,yes,pai,chan_pjsip,yes,90,,yes,no,,6315@device,,ENABLED,ringallv2-prim,20,,6315,,"ext-local,6315,dest",,,0,0,Ring,7,novm,,yes,default,,,,,,,,,,,,,,,,
6316,,"Макшаков В.А.",novm,0,,,6316,,,,,,,,default,6316,pjsip,PJSIP/6316,fixed,6316,"Макшаков В.А.",,,disabled,dontcare,dontcare,dontcare,dontcare,disabled,10,disabled,enabled,6316,3,6316,,yes,,no,no,"Макшаков В.А. <6316>",from-internal,,0,yes,,rfc4733,yes,no,,1,1,1,7200,no,no,no,,60,auto,,,,60,yes,yes,no,yes,0,0,6316,yes,pai,chan_pjsip,yes,90,,yes,no,,6316@device,,ENABLED,ringallv2-prim,20,,6316,,"ext-local,6316,dest",,,0,0,Ring,7,novm,,yes,default,,,,,,,,,,,,,,,,
6317,6317,"Печникова И.В.",novm,0,,,6317,,,,,,,,default,6317,pjsip,PJSIP/6317,fixed,6317,"Печникова И.В.",,,,dontcare,dontcare,dontcare,dontcare,disabled,10,disabled,enabled,6317,3,6317,,yes,,no,no,"Печникова И.В. <6317>",from-internal,,0,yes,,rfc4733,yes,no,,1,1,1,7200,no,no,no,,,auto,,,,60,,yes,no,yes,0,0,6317,yes,pai,chan_pjsip,yes,90,,yes,no,,6317@device,,ENABLED,ringallv2-prim,20,,6317,0,"ext-local,6317,dest",,,0,0,Ring,7,novm,,yes,default,,,,,,,,,,,,,,,,
6318,,"Карпова А.А.",novm,0,,,6318,,,,,,,,default,6318,pjsip,PJSIP/6318,fixed,6318,"Карпова А.А.",,,disabled,dontcare,dontcare,dontcare,dontcare,disabled,10,disabled,enabled,6318,3,6318,,yes,,no,no,"Карпова А.А. <6318>",from-internal,,0,yes,,rfc4733,yes,no,,1,1,1,7200,no,no,no,,60,auto,,,,60,yes,yes,no,yes,0,0,6318,yes,pai,chan_pjsip,yes,90,,yes,no,,6318@device,,ENABLED,ringallv2-prim,20,,6318,,"ext-local,6318,dest",,,0,0,Ring,7,novm,,yes,default,,,,,,,,,,,,,,,,
6319,,"Ивашкина О.А.",novm,0,,,6319,,,,,,,,default,6319,pjsip,PJSIP/6319,fixed,6319,"Ивашкина О.А.",,,disabled,dontcare,dontcare,dontcare,dontcare,disabled,10,disabled,enabled,6319,3,6319,,yes,,no,no,"Ивашкина О.А. <6319>",from-internal,,0,yes,,rfc4733,yes,no,,1,1,1,7200,no,no,no,,60,auto,,,,60,yes,yes,no,yes,0,0,6319,yes,pai,chan_pjsip,yes,90,,yes,no,,6319@device,,ENABLED,ringallv2-prim,20,,6319,,"ext-local,6319,dest",,,0,0,Ring,7,novm,,yes,default,,,,,,,,,,,,,,,,
6320,6320,"Макшаков В.А.",novm,0,,,6320,,,,,,,,default,6320,pjsip,PJSIP/6320,fixed,6320,"Макшаков В.А.",,,,dontcare,dontcare,dontcare,dontcare,disabled,10,disabled,enabled,6320,3,6320,,yes,,no,no,"Макшаков В.А. <6320>",from-internal,,0,yes,,rfc4733,yes,no,,1,1,1,7200,no,no,no,,,auto,,,,60,,yes,no,yes,0,0,6320,yes,pai,chan_pjsip,yes,90,,yes,no,,6320@device,,ENABLED,ringallv2-prim,20,,6320,0,"ext-local,6320,dest",,,0,0,Ring,7,novm,,yes,default,,,,,,,,,,,,,,,,
6321,6321,"Садуллаева А.К.",novm,0,,,6321,,,,,,,,default,6321,pjsip,PJSIP/6321,fixed,6321,"Садуллаева А.К.",,,,dontcare,dontcare,dontcare,dontcare,disabled,10,disabled,enabled,6321,3,6321,,yes,,no,no,"Садуллаева А.К. <6321>",from-internal,,0,yes,,rfc4733,yes,no,,1,1,1,7200,no,no,no,,,auto,,,,60,,yes,no,yes,0,0,6321,yes,pai,chan_pjsip,yes,90,,yes,no,,6321@device,,ENABLED,ringallv2-prim,20,,6321,0,"ext-local,6321,dest",,,0,0,Ring,7,novm,,yes,default,,,,,,,,,,,,,,,,
6322,,"Устян  К.А.",novm,0,,,,,,,,,,,default,6322,pjsip,PJSIP/6322,fixed,6322,"Устян  К.А.",,,disabled,dontcare,dontcare,dontcare,dontcare,disabled,10,disabled,enabled,6322,3,6322,,no,,no,no,"Устян  К.А. <6322>",from-internal,,0,yes,,rfc4733,yes,no,,1,1,1,7200,no,no,no,,60,auto,,,,60,yes,yes,no,yes,0,0,6322,yes,pai,chan_pjsip,yes,90,,yes,no,,6322@device,,ENABLED,ringallv2-prim,20,,6322,,"ext-local,6322,dest",,,0,0,Ring,7,novm,,yes,default,,,,,,,,,,,,,,,,
6323,,"Чернова Д.В.",novm,0,,,,,,,,,,,default,6323,pjsip,PJSIP/6323,fixed,6323,"Чернова Д.В.",,,disabled,dontcare,dontcare,dontcare,dontcare,disabled,10,disabled,enabled,6323,3,6323,,no,,no,no,"Чернова Д.В. <6323>",from-internal,,0,yes,,rfc4733,yes,no,,1,1,1,7200,no,no,no,,60,auto,,,,60,yes,yes,no,yes,0,0,6323,yes,pai,chan_pjsip,yes,90,,yes,no,,6323@device,,ENABLED,ringallv2-prim,20,,6323,,"ext-local,6323,dest",,,0,0,Ring,7,novm,,yes,default,,,,,,,,,,,,,,,,
6324,,"Пигунова  Л.В.",novm,0,,,,,,,,,,,default,6324,pjsip,PJSIP/6324,fixed,6324,"Пигунова  Л.В.",,,disabled,dontcare,dontcare,dontcare,dontcare,disabled,10,disabled,enabled,6324,3,6324,,no,,no,no,"Пигунова  Л.В. <6324>",from-internal,,0,yes,,rfc4733,yes,no,,1,1,1,7200,no,no,no,,60,auto,,,,60,yes,yes,no,yes,0,0,6324,yes,pai,chan_pjsip,yes,90,,yes,no,,6324@device,,ENABLED,ringallv2-prim,20,,6324,,"ext-local,6324,dest",,,0,0,Ring,7,novm,,yes,default,,,,,,,,,,,,,,,,
6325,,"Шандорова  С.Д.",novm,0,,,,,,,,,,,default,6325,pjsip,PJSIP/6325,fixed,6325,"Шандорова  С.Д.",,,disabled,dontcare,dontcare,dontcare,dontcare,disabled,10,disabled,enabled,6325,3,6325,,no,,no,no,"Шандорова  С.Д. <6325>",from-internal,,0,yes,,rfc4733,yes,no,,1,1,1,7200,no,no,no,,60,auto,,,,60,yes,yes,no,yes,0,0,6325,yes,pai,chan_pjsip,yes,90,,yes,no,,6325@device,,ENABLED,ringallv2-prim,20,,6325,,"ext-local,6325,dest",,,0,0,Ring,7,novm,,yes,default,,,,,,,,,,,,,,,,
6326,,"МРИ ФНС №7",novm,0,,,,,,,,,,,default,6326,pjsip,PJSIP/6326,fixed,6326,"МРИ ФНС №7",,,disabled,dontcare,dontcare,dontcare,dontcare,disabled,10,disabled,enabled,6326,3,6326,,no,,no,no,"МРИ ФНС №7 <6326>",from-internal,,0,yes,,rfc4733,yes,no,,1,1,1,7200,no,no,no,,60,auto,,,,60,yes,yes,no,yes,0,0,6326,yes,pai,chan_pjsip,yes,90,,yes,no,,6326@device,,ENABLED,ringallv2-prim,20,,6326,,"ext-local,6326,dest",,,0,0,Ring,7,novm,,yes,default,,,,,,,,,,,,,,,,
6327,6327,"Советкина Э.Р.",novm,0,,,6327,,,,,,,,default,6327,pjsip,PJSIP/6327,fixed,6327,"Советкина Э.Р.",,,,dontcare,dontcare,dontcare,dontcare,disabled,10,disabled,enabled,6327,3,6327,,yes,,no,no,"Советкина Э.Р. <6327>",from-internal,,0,yes,,rfc4733,yes,no,,1,1,1,7200,no,no,no,,,auto,,,,60,,yes,no,yes,0,0,6327,yes,pai,chan_pjsip,yes,90,,yes,no,,6327@device,,ENABLED,ringallv2-prim,20,,6327,0,"ext-local,6327,dest",,,0,0,Ring,7,novm,,yes,default,,,,,,,,,,,,,,,,
6328,6328,"Мартынова О.В.",novm,0,,,6328,,,,,,,,default,6328,pjsip,PJSIP/6328,fixed,6328,"Мартынова О.В.",,,,dontcare,dontcare,dontcare,dontcare,disabled,10,disabled,enabled,6328,3,6328,,yes,,no,no,"Мартынова О.В. <6328>",from-internal,,0,yes,,rfc4733,yes,no,,1,1,1,7200,no,no,no,,,auto,,,,60,,yes,no,yes,0,0,6328,yes,pai,chan_pjsip,yes,90,,yes,no,,6328@device,,ENABLED,ringallv2-prim,20,,6328,0,"ext-local,6328,dest",,,0,0,Ring,7,novm,,yes,default,,,,,,,,,,,,,,,,
6329,,"Попов  М.В.",novm,0,,,,,,,,,,,default,6329,pjsip,PJSIP/6329,fixed,6329,"Попов  М.В.",,,disabled,dontcare,dontcare,dontcare,dontcare,disabled,10,disabled,enabled,6329,3,6329,,no,,no,no,"Попов  М.В. <6329>",from-internal,,0,yes,,rfc4733,yes,no,,1,1,1,7200,no,no,no,,60,auto,,,,60,yes,yes,no,yes,0,0,6329,yes,pai,chan_pjsip,yes,90,,yes,no,,6329@device,,ENABLED,ringallv2-prim,20,,6329,,"ext-local,6329,dest",,,0,0,Ring,7,novm,,yes,default,,,,,,,,,,,,,,,,
6330,,"Канищев М.А.",novm,0,,,,,,,,,,,default,6330,pjsip,PJSIP/6330,fixed,6330,"Канищев М.А.",,,disabled,dontcare,dontcare,dontcare,dontcare,disabled,10,disabled,enabled,6330,3,6330,,no,,no,no,"Канищев М.А. <6330>",from-internal,,0,yes,,rfc4733,yes,no,,1,1,1,7200,no,no,no,,60,auto,,,,60,yes,yes,no,yes,0,0,6330,yes,pai,chan_pjsip,yes,90,,yes,no,,6330@device,,ENABLED,ringallv2-prim,20,,6330,,"ext-local,6330,dest",,,0,0,Ring,7,novm,,yes,default,,,,,,,,,,,,,,,,
6331,6331,"Еремена  Е.Е.",novm,0,,,,,,,,,,,default,6331,pjsip,PJSIP/6331,fixed,6331,"Еремена  Е.Е.",,,,dontcare,dontcare,dontcare,dontcare,disabled,10,disabled,enabled,6331,3,6331,,no,,no,no,"Еремена  Е.Е. <6331>",from-internal,,0,yes,,rfc4733,yes,no,,1,1,1,7200,no,no,no,,,auto,,,,60,,yes,no,yes,0,0,6331,yes,pai,chan_pjsip,yes,90,,yes,no,no,6331@device,no,ENABLED,ringallv2-prim,20,,6331,0,"ext-local,6331,dest",,,0,0,Ring,7,novm,,yes,default,,,,,,,,,,,,,,,,
6332,,"Тислина О.Н.",novm,0,,,,,,,,,,,default,6332,pjsip,PJSIP/6332,fixed,6332,"Тислина О.Н.",,,disabled,dontcare,dontcare,dontcare,dontcare,disabled,10,disabled,enabled,6332,3,6332,,no,,no,no,"Тислина О.Н. <6332>",from-internal,,0,yes,,rfc4733,yes,no,,1,1,1,7200,no,no,no,,60,auto,,,,60,yes,yes,no,yes,0,0,6332,yes,pai,chan_pjsip,yes,90,,yes,no,,6332@device,,ENABLED,ringallv2-prim,20,,6332,,"ext-local,6332,dest",,,0,0,Ring,7,novm,,yes,default,,,,,,,,,,,,,,,,
6333,6333,Резерв,novm,0,,,6333,,,,,,,,default,6333,pjsip,PJSIP/6333,fixed,6333,Резерв,,,,dontcare,dontcare,dontcare,dontcare,disabled,10,disabled,enabled,6333,3,6333,,yes,,no,no,"Резерв <6333>",from-internal,,0,yes,,rfc4733,yes,no,,1,1,1,7200,no,no,no,,,auto,,,,60,,yes,no,yes,0,0,6333,yes,pai,chan_pjsip,yes,90,,yes,no,,6333@device,,ENABLED,ringallv2-prim,20,,6333,0,"ext-local,6333,dest",,,0,0,Ring,7,novm,,yes,default,,,,,,,,,,,,,,,,
6334,6334,"Гребенюк  Г.Ю.",novm,0,,,,,,,,,,,default,6334,pjsip,PJSIP/6334,fixed,6334,"Гребенюк  Г.Ю.",,,,dontcare,dontcare,dontcare,dontcare,disabled,10,disabled,enabled,6334,3,6334,,no,,no,no,"Гребенюк  Г.Ю. <6334>",from-internal,,0,yes,,rfc4733,yes,no,,1,1,1,7200,no,no,no,,,auto,,,,60,,yes,no,yes,0,0,6334,yes,pai,chan_pjsip,yes,90,,yes,no,no,6334@device,no,ENABLED,ringallv2-prim,20,,6334,0,"ext-local,6334,dest",,,0,0,Ring,7,novm,,yes,default,,,,,,,,,,,,,,,,
6335,6335,"Кораблева  К.В.",novm,0,,,,,,,,,,,default,6335,pjsip,PJSIP/6335,fixed,6335,"Кораблева  К.В.",,,,dontcare,dontcare,dontcare,dontcare,disabled,10,disabled,enabled,6335,3,6335,,no,,no,no,"Кораблева  К.В. <6335>",from-internal,,0,yes,,rfc4733,yes,no,,1,1,1,7200,no,no,no,,,auto,,,,60,,yes,no,yes,0,0,6335,yes,pai,chan_pjsip,yes,90,,yes,no,no,6335@device,no,ENABLED,ringallv2-prim,20,,6335,0,"ext-local,6335,dest",,,0,0,Ring,7,novm,,yes,default,,,,,,,,,,,,,,,,
6336,6336,"Терещенко В.Е.",novm,0,,,6336,,,,,,,,default,6336,pjsip,PJSIP/6336,fixed,6336,"Терещенко В.Е.",,,,dontcare,dontcare,dontcare,dontcare,disabled,10,disabled,enabled,6336,3,6336,,yes,,no,no,"Терещенко В.Е. <6336>",from-internal,,0,yes,,rfc4733,yes,no,,1,1,1,7200,no,no,no,,,auto,,,,60,,yes,no,yes,0,0,6336,yes,pai,chan_pjsip,yes,90,,yes,no,,6336@device,,ENABLED,ringallv2-prim,20,,6336,0,"ext-local,6336,dest",,,0,0,Ring,7,novm,,yes,default,,,,,,,,,,,,,,,,
6337,,"Григорова А.Е.",novm,0,,,6337,,,,,,,,default,6337,pjsip,PJSIP/6337,fixed,6337,"Григорова А.Е.",,,disabled,dontcare,dontcare,dontcare,dontcare,disabled,10,disabled,enabled,6337,3,6337,,yes,,no,no,"Григорова А.Е. <6337>",from-internal,,0,yes,,rfc4733,yes,no,,1,1,1,7200,no,no,no,,60,auto,,,,60,yes,yes,no,yes,0,0,6337,yes,pai,chan_pjsip,yes,90,,yes,no,,6337@device,,ENABLED,ringallv2-prim,20,,6337,,"ext-local,6337,dest",,,0,0,Ring,7,novm,,yes,default,,,,,,,,,,,,,,,,
6338,,"Крестинина О.А.",novm,0,,,6338,,,,,,,,default,6338,pjsip,PJSIP/6338,fixed,6338,"Крестинина О.А.",,,disabled,dontcare,dontcare,dontcare,dontcare,disabled,10,disabled,enabled,6338,3,6338,,yes,,no,no,"Крестинина О.А. <6338>",from-internal,,0,yes,,rfc4733,yes,no,,1,1,1,7200,no,no,no,,60,auto,,,,60,yes,yes,no,yes,0,0,6338,,pai,chan_pjsip,yes,90,,yes,no,,6338@device,,ENABLED,ringallv2-prim,20,,6338,,"ext-local,6338,dest",,,0,0,Ring,7,novm,,yes,default,,,,,,,,,,,,,,,,
6339,6339,"Коротицкий С.О.",novm,0,,,6339,,,,,,,,default,6339,pjsip,PJSIP/6339,fixed,6339,"Коротицкий С.О.",,,,dontcare,dontcare,dontcare,dontcare,disabled,10,disabled,enabled,6339,3,6339,,yes,,no,no,"Коротицкий С.О. <6339>",from-internal,,0,yes,,rfc4733,yes,no,,1,1,1,7200,no,no,no,,,auto,,,,60,,yes,no,yes,0,0,6339,yes,pai,chan_pjsip,yes,90,,yes,no,,6339@device,,ENABLED,ringallv2-prim,20,,6339,0,"ext-local,6339,dest",,,0,0,Ring,7,novm,,yes,default,,,,,,,,,,,,,,,,
6340,,Приемная,novm,0,,,6340,,,,,,,,default,6340,pjsip,PJSIP/6340,fixed,6340,Приемная,,,disabled,dontcare,dontcare,dontcare,dontcare,disabled,10,disabled,enabled,6340,3,6340,,yes,,no,no,"Приемная <6340>",from-internal,,0,yes,,rfc4733,yes,no,,1,1,1,7200,no,no,no,,60,auto,,,,60,yes,yes,no,yes,0,0,6340,yes,pai,chan_pjsip,yes,90,,yes,no,,6340@device,,ENABLED,ringallv2-prim,20,,6340,,"ext-local,6340,dest",,,0,0,Ring,7,novm,,yes,default,,,,,,,,,,,,,,,,
6341,,"КП №1",novm,0,,,6341,,,,,,,,default,6341,pjsip,PJSIP/6341,fixed,6341,"КП №1",,,disabled,dontcare,dontcare,dontcare,dontcare,disabled,10,disabled,enabled,6341,3,6341,,yes,,no,no,"КП №1 <6341>",from-internal,,0,,,rfc4733,yes,no,,,1,,7200,no,no,no,,60,auto,,,,60,yes,yes,no,yes,,,6341,,pai,chan_pjsip,yes,,,yes,,,6341@device,,ENABLED,ringallv2-prim,20,,6341,,"ext-local,6341,dest",,,0,0,Ring,7,novm,,yes,default,,,,,,,,,,,,,,,,
6342,6342,"Серверная 308",novm,0,,,6342,,,,,,,,default,6342,pjsip,PJSIP/6342,fixed,6342,"Серверная 308",,,,dontcare,dontcare,dontcare,dontcare,disabled,10,disabled,enabled,6342,3,6342,,yes,,no,no,"Серверная 308 <6342>",from-internal,,0,yes,,rfc4733,yes,no,,1,1,1,7200,no,no,no,,,auto,,,,60,,yes,no,yes,0,0,6342,yes,pai,chan_pjsip,yes,90,,yes,no,,6342@device,,ENABLED,ringallv2-prim,20,,6342,0,"ext-local,6342,dest",,,0,0,Ring,7,novm,,yes,default,,,,,,,,,,,,,,,,
6343,,"Харитонова  В.Н.",novm,0,,,,,,,,,,,default,6343,pjsip,PJSIP/6343,fixed,6343,"Харитонова  В.Н.",,,disabled,dontcare,dontcare,dontcare,dontcare,disabled,10,disabled,enabled,6343,3,6343,,no,,no,no,"Харитонова  В.Н. <6343>",from-internal,,0,yes,,rfc4733,yes,no,,1,1,1,7200,no,no,no,,60,auto,,,,60,yes,yes,no,yes,0,0,6343,yes,pai,chan_pjsip,yes,90,,yes,no,,6343@device,,ENABLED,ringallv2-prim,20,,6343,,"ext-local,6343,dest",,,0,0,Ring,7,novm,,yes,default,,,,,,,,,,,,,,,,
6344,,"Точка выдачи КЭП 2366",novm,0,,,6344,,,,,,,,default,6344,pjsip,PJSIP/6344,fixed,6344,"Точка выдачи КЭП 2366",,,disabled,dontcare,dontcare,dontcare,dontcare,disabled,10,disabled,enabled,6344,3,6344,,yes,,no,no,"Точка выдачи КЭП 2366 <6344>",from-internal,,0,yes,,rfc4733,yes,no,,,1,,7200,no,no,no,,60,auto,,,,60,yes,yes,no,yes,,,6344,yes,pai,chan_pjsip,yes,,,yes,no,,6344@device,,ENABLED,ringallv2-prim,20,,6344,,"ext-local,6344,dest",,,0,0,Ring,7,novm,,yes,default,,,,,,,,,,,,,,,,
6345,,"Староверова ЕП",novm,0,,,6345,,,,,,,,default,6345,pjsip,PJSIP/6345,fixed,6345,"Староверова ЕП",,,disabled,dontcare,dontcare,dontcare,dontcare,disabled,10,disabled,enabled,6345,3,6345,,yes,,no,no,"Староверова ЕП <6345>",from-internal,,0,,,rfc4733,yes,no,,,1,,7200,no,no,no,,60,auto,,,,60,yes,yes,no,yes,,,6345,,pai,chan_pjsip,yes,,,yes,,,6345@device,,ENABLED,ringallv2-prim,20,,6345,,"ext-local,6345,dest",,,0,0,Ring,7,novm,,yes,default,,,,,,,,,,,,,,,,
6346,,СелезневаВА,novm,0,,,6346,,,,,,,,default,6346,pjsip,PJSIP/6346,fixed,6346,СелезневаВА,,,disabled,dontcare,dontcare,dontcare,dontcare,disabled,10,disabled,enabled,6346,3,6346,,yes,,no,no,"СелезневаВА <6346>",from-internal,,0,,,rfc4733,yes,no,,,1,,7200,no,no,no,,60,auto,,,,60,yes,yes,no,yes,,,6346,,pai,chan_pjsip,yes,,,yes,,,6346@device,,ENABLED,ringallv2-prim,20,,6346,,"ext-local,6346,dest",,,0,0,Ring,7,novm,,yes,default,,,,,,,,,,,,,,,,
6347,,"Стойка информатора 2366",novm,0,,,6347,,,,,,,,default,6347,pjsip,PJSIP/6347,fixed,6347,"Стойка информатора 2366",,,disabled,dontcare,dontcare,dontcare,dontcare,disabled,10,disabled,enabled,6347,3,6347,,yes,,no,no,"Стойка информатора 2366 <6347>",from-internal,,0,,,rfc4733,yes,no,,,1,,7200,no,no,no,,60,auto,,,,60,yes,yes,no,yes,,,6347,,pai,chan_pjsip,yes,,,yes,,,6347@device,,ENABLED,ringallv2-prim,20,,6347,,"ext-local,6347,dest",,,0,0,Ring,7,novm,,yes,default,,,,,,,,,,,,,,,,
6348,6348,6348,novm,0,,,6348,,,,,,,,default,6348,pjsip,PJSIP/6348,fixed,6348,6348,,,,dontcare,dontcare,dontcare,dontcare,disabled,10,disabled,,6348,3,6348,,yes,,no,no,"6348 <6348>",from-internal,,0,,,rfc4772,yes,no,,,1,,7200,no,no,no,,,auto,,,,60,,yes,no,yes,,,6348,,pai,chan_pjsip,yes,,,yes,,,6348@device,,ENABLED,ringallv2-prim,20,,6348,0,"ext-local,6348,dest",,,0,0,Ring,7,novm,,yes,default,,,,,,,,,,,,,,,,
6349,6349,"Сочи ВКС",novm,0,,,6349,,,,,,,,default,6349,pjsip,PJSIP/6349,fixed,6349,"Сочи ВКС",,,,dontcare,dontcare,dontcare,dontcare,disabled,10,disabled,enabled,6349,3,6349,,yes,,no,no,"Сочи ВКС <6349>",from-internal,,0,yes,,rfc4733,yes,no,,1,1,1,7200,no,no,no,,,auto,,,,60,,yes,no,yes,0,0,6349,yes,pai,chan_pjsip,yes,90,,yes,no,,6349@device,,ENABLED,ringallv2-prim,20,,6349,0,"ext-local,6349,dest",,,0,0,Ring,7,novm,,yes,default,,,,,,,,,,,,,,,,
7145,,"Саранчукова Т.И.",novm,0,,,7145,,,,,,,,default,7145,pjsip,PJSIP/7145,fixed,7145,"Саранчукова Т.И.",7145,,disabled,dontcare,dontcare,dontcare,dontcare,disabled,10,disabled,enabled,7145,3,7145,,yes,,no,no,"Саранчукова Т.И. <7145>",from-internal,,0,yes,,rfc4733,yes,no,,1,1,1,7200,no,no,no,,60,auto,,,,60,yes,yes,no,yes,0,0,7145,yes,pai,chan_pjsip,yes,90,,yes,no,,,,ENABLED,ringallv2-prim,20,,7145,,"ext-local,7145,dest",,,,,Ring,7,novm,,yes,default,,,,,,,,,,,,,,,,
7146,,"Сапелкин А.П.",novm,0,,,7146,,,,,,,,default,7146,pjsip,PJSIP/7146,fixed,7146,"Сапелкин А.П.",7146,,disabled,dontcare,dontcare,dontcare,dontcare,disabled,10,disabled,enabled,7146,3,7146,,yes,,no,no,"Сапелкин А.П. <7146>",from-internal,,0,yes,,rfc4733,yes,no,,1,1,1,7200,no,no,no,,60,auto,,,,60,yes,yes,no,yes,0,0,7146,yes,pai,chan_pjsip,yes,90,,yes,no,,,,ENABLED,ringallv2-prim,20,,7146,,"ext-local,7146,dest",,,,,Ring,7,novm,,yes,default,,,,,,,,,,,,,,,,
7148,,"Антонян Р.О.",novm,0,,,7148,,,,,,,,default,7148,pjsip,PJSIP/7148,fixed,7148,"Антонян Р.О.",7148,,disabled,dontcare,dontcare,dontcare,dontcare,disabled,10,disabled,enabled,7148,3,7148,,yes,,no,no,"Антонян Р.О. <7148>",from-internal,,0,yes,,rfc4733,yes,no,,1,1,1,7200,no,no,no,,60,auto,,,,60,yes,yes,no,yes,0,0,7148,yes,pai,chan_pjsip,yes,90,,yes,no,,,,ENABLED,ringallv2-prim,20,,7148,,"ext-local,7148,dest",,,,,Ring,7,novm,,yes,default,,,,,,,,,,,,,,,,
7150,,"Кущян С.С.",novm,0,,,7150,,,,,,,,default,7150,pjsip,PJSIP/7150,fixed,7150,"Кущян С.С.",7150,,disabled,dontcare,dontcare,dontcare,dontcare,disabled,10,disabled,enabled,7150,3,7150,,yes,,no,no,"Кущян С.С. <7150>",from-internal,,0,yes,,rfc4733,yes,no,,1,1,1,7200,no,no,no,,60,auto,,,,60,yes,yes,no,yes,0,0,7150,yes,pai,chan_pjsip,yes,90,,yes,no,,,,ENABLED,ringallv2-prim,20,,7150,,"ext-local,7150,dest",,,,,Ring,7,novm,,yes,default,,,,,,,,,,,,,,,,
7152,,"Симиндей А.А.",novm,0,,,7152,,,,,,,,default,7152,pjsip,PJSIP/7152,fixed,7152,"Симиндей А.А.",7152,,disabled,dontcare,dontcare,dontcare,dontcare,disabled,10,disabled,enabled,7152,3,7152,,yes,,no,no,"Симиндей А.А. <7152>",from-internal,,0,yes,,rfc4733,yes,no,,1,1,1,7200,no,no,no,,60,auto,,,,60,yes,yes,no,yes,0,0,7152,yes,pai,chan_pjsip,yes,90,,yes,no,,,,ENABLED,ringallv2-prim,20,,7152,,"ext-local,7152,dest",,,,,Ring,7,novm,,yes,default,,,,,,,,,,,,,,,,
7153,,"Асатурян Г.А.",novm,0,,,7153,,,,,,,,default,7153,pjsip,PJSIP/7153,fixed,7153,"Асатурян Г.А.",7153,,disabled,dontcare,dontcare,dontcare,dontcare,disabled,10,disabled,enabled,7153,3,7153,,yes,,no,no,"Асатурян Г.А. <7153>",from-internal,,0,yes,,rfc4733,yes,no,,1,1,1,7200,no,no,no,,60,auto,,,,60,yes,yes,no,yes,0,0,7153,yes,pai,chan_pjsip,yes,90,,yes,no,,,,ENABLED,ringallv2-prim,20,,7153,,"ext-local,7153,dest",,,,,Ring,7,novm,,yes,default,,,,,,,,,,,,,,,,
7154,,"Кротова А.А.",novm,0,,,7154,,,,,,,,default,7154,pjsip,PJSIP/7154,fixed,7154,"Кротова А.А.",7154,,disabled,dontcare,dontcare,dontcare,dontcare,disabled,10,disabled,enabled,7154,3,7154,,yes,,no,no,"Кротова А.А. <7154>",from-internal,,0,yes,,rfc4733,yes,no,,1,1,1,7200,no,no,no,,60,auto,,,,60,yes,yes,no,yes,0,0,7154,yes,pai,chan_pjsip,yes,90,,yes,no,,,,ENABLED,ringallv2-prim,20,,7154,,"ext-local,7154,dest",,,,,Ring,7,novm,,yes,default,,,,,,,,,,,,,,,,
7158,,"Шебонкин Д.В.",novm,0,,,7158,,,,,,,,default,7158,pjsip,PJSIP/7158,fixed,7158,"Шебонкин Д.В.",7158,,disabled,dontcare,dontcare,dontcare,dontcare,disabled,10,disabled,enabled,7158,3,7158,,yes,,no,no,"Шебонкин Д.В. <7158>",from-internal,,0,yes,,rfc4733,yes,no,,1,1,1,7200,no,no,no,,60,auto,,,,60,yes,yes,no,yes,0,0,7158,yes,pai,chan_pjsip,yes,90,,yes,no,,,,ENABLED,ringallv2-prim,20,,7158,,"ext-local,7158,dest",,,,,Ring,7,novm,,yes,default,,,,,,,,,,,,,,,,
7165,,"Коваленко С.",novm,0,,,7165,,,,,,,,default,7165,pjsip,PJSIP/7165,fixed,7165,"Коваленко С.",7165,,disabled,dontcare,dontcare,dontcare,dontcare,disabled,10,disabled,enabled,7165,3,7165,,yes,,no,no,"Коваленко С. <7165>",from-internal,,0,yes,,rfc4733,yes,no,,1,1,1,7200,no,no,no,,60,auto,,,,60,yes,yes,no,yes,0,0,7165,yes,pai,chan_pjsip,yes,90,,yes,no,,,,ENABLED,ringallv2-prim,20,,7165,,"ext-local,7165,dest",,,,,Ring,7,novm,,yes,default,,,,,,,,,,,,,,,,
7166,,"ФКУ Сочи",novm,0,,,7166,,,,,,,,default,7166,pjsip,PJSIP/7166,fixed,7166,"ФКУ Сочи",7166,,disabled,dontcare,dontcare,dontcare,dontcare,disabled,10,disabled,enabled,7166,3,7166,,yes,,no,no,"ФКУ Сочи <7166>",from-internal,,0,yes,,rfc4733,yes,no,,1,1,1,7200,no,no,no,,60,auto,,,,60,yes,yes,no,yes,0,0,7166,yes,pai,chan_pjsip,yes,90,,yes,no,,,,ENABLED,ringallv2-prim,20,,7166,,"ext-local,7166,dest",,,,,Ring,7,novm,,yes,default,,,,,,,,,,,,,,,,
7167,,"ФКУ зап.док.",novm,0,,,7167,,,,,,,,default,7167,pjsip,PJSIP/7167,fixed,7167,"ФКУ зап.док.",7167,,disabled,dontcare,dontcare,dontcare,dontcare,disabled,10,disabled,enabled,7167,3,7167,,yes,,no,no,"ФКУ зап.док. <7167>",from-internal,,0,yes,,rfc4733,yes,no,,1,1,1,7200,no,no,no,,60,auto,,,,60,yes,yes,no,yes,0,0,7167,yes,pai,chan_pjsip,yes,90,,yes,no,,,,ENABLED,ringallv2-prim,20,,7167,,"ext-local,7167,dest",,,,,Ring,7,novm,,yes,default,,,,,,,,,,,,,,,,
7170,,"Ровенская Е.Ю.",novm,0,,,7170,,,,,,,,default,7170,pjsip,PJSIP/7170,fixed,7170,"Ровенская Е.Ю.",7170,,disabled,dontcare,dontcare,dontcare,dontcare,disabled,10,disabled,enabled,7170,3,7170,,yes,,no,no,"Ровенская Е.Ю. <7170>",from-internal,,0,yes,,rfc4733,yes,no,,1,1,1,7200,no,no,no,,60,auto,,,,60,yes,yes,no,yes,0,0,7170,yes,pai,chan_pjsip,yes,90,,yes,no,,,,ENABLED,ringallv2-prim,20,,7170,,"ext-local,7170,dest",,,,,Ring,7,novm,,yes,default,,,,,,,,,,,,,,,,
7172,,"Веселов С.В.",novm,0,,,7172,,,,,,,,default,7172,pjsip,PJSIP/7172,fixed,7172,"Веселов С.В.",,,disabled,dontcare,dontcare,dontcare,dontcare,disabled,10,disabled,enabled,7172,3,7172,,yes,,no,no,"Веселов С.В. <7172>",from-internal,,0,yes,,rfc4733,yes,no,,1,1,1,7200,no,no,no,,60,auto,,,,60,yes,yes,no,yes,0,0,7172,yes,pai,chan_pjsip,yes,90,,yes,no,,,,ENABLED,ringallv2-prim,20,,7172,,"ext-local,7172,dest",,,,,Ring,7,novm,,yes,default,,,,,,,,,,,,,,,,
7177,,"Беляева Н.Г.",novm,0,,,7177,,,,,,,,default,7177,pjsip,PJSIP/7177,fixed,7177,"Беляева Н.Г.",7177,,disabled,dontcare,dontcare,dontcare,dontcare,disabled,10,disabled,enabled,7177,3,7177,,yes,,no,no,"Беляева Н.Г. <7177>",from-internal,,0,yes,,rfc4733,yes,no,,1,1,1,7200,no,no,no,,60,auto,,,,60,yes,yes,no,yes,0,0,7177,yes,pai,chan_pjsip,yes,90,,yes,no,,,,ENABLED,ringallv2-prim,20,,7177,,"ext-local,7177,dest",,,,,Ring,7,novm,,yes,default,,,,,,,,,,,,,,,,
7181,,"Подклетнев А.В.",novm,0,,,7181,,,,,,,,default,7181,pjsip,PJSIP/7181,fixed,7181,"Подклетнев А.В.",7181,,disabled,dontcare,dontcare,dontcare,dontcare,disabled,10,disabled,enabled,7181,3,7181,,yes,,no,no,"Подклетнев А.В. <7181>",from-internal,,0,yes,,rfc4733,yes,no,,1,1,1,7200,no,no,no,,60,auto,,,,60,yes,yes,no,yes,0,0,7181,yes,pai,chan_pjsip,yes,90,,yes,no,,,,ENABLED,ringallv2-prim,20,,7181,,"ext-local,7181,dest",,,,,Ring,7,novm,,yes,default,,,,,,,,,,,,,,,,
7200,,"Китыз С.Н.",novm,0,,,7200,,,,,,,,default,7200,pjsip,PJSIP/7200,fixed,7200,"Китыз С.Н.",7200,,disabled,dontcare,dontcare,dontcare,dontcare,disabled,10,disabled,enabled,7200,3,7200,,yes,,no,no,"Китыз С.Н. <7200>",from-internal,,0,yes,,rfc4733,yes,no,,1,1,1,7200,no,no,no,,60,auto,,,,60,yes,yes,no,yes,0,0,7200,yes,pai,chan_pjsip,yes,90,,yes,no,,,,ENABLED,ringallv2-prim,20,,7200,,"ext-local,7200,dest",,,,,Ring,7,novm,,yes,default,,,,,,,,,,,,,,,,
7202,,"Захарченко Е.С.",novm,0,,,7202,,,,,,,,default,7202,pjsip,PJSIP/7202,fixed,7202,"Захарченко Е.С.",7202,,disabled,dontcare,dontcare,dontcare,dontcare,disabled,10,disabled,enabled,7202,3,7202,,yes,,no,no,"Захарченко Е.С. <7202>",from-internal,,0,yes,,rfc4733,yes,no,,1,1,1,7200,no,no,no,,60,auto,,,,60,yes,yes,no,yes,0,0,7202,yes,pai,chan_pjsip,yes,90,,yes,no,,,,ENABLED,ringallv2-prim,20,,7202,,"ext-local,7202,dest",,,,,Ring,7,novm,,yes,default,,,,,,,,,,,,,,,,
7208,,"Волошина О.А.",novm,0,,,7208,,,,,,,,default,7208,pjsip,PJSIP/7208,fixed,7208,"Волошина О.А.",7208,,disabled,dontcare,dontcare,dontcare,dontcare,disabled,10,disabled,enabled,7208,3,7208,,yes,,no,no,"Волошина О.А. <7208>",from-internal,,0,yes,,rfc4733,yes,no,,1,1,1,7200,no,no,no,,60,auto,,,,60,yes,yes,no,yes,0,0,7208,yes,pai,chan_pjsip,yes,90,,yes,no,,,,ENABLED,ringallv2-prim,20,,7208,,"ext-local,7208,dest",,,,,Ring,7,novm,,yes,default,,,,,,,,,,,,,,,,
7209,,"Гвашев А.А.",novm,0,,,7209,,,,,,,,default,7209,pjsip,PJSIP/7209,fixed,7209,"Гвашев А.А.",7209,,disabled,dontcare,dontcare,dontcare,dontcare,disabled,10,disabled,enabled,7209,3,7209,,yes,,no,no,"Гвашев А.А. <7209>",from-internal,,0,yes,,rfc4733,yes,no,,1,1,1,7200,no,no,no,,60,auto,,,,60,yes,yes,no,yes,0,0,7209,yes,pai,chan_pjsip,yes,90,,yes,no,,,,ENABLED,ringallv2-prim,20,,7209,,"ext-local,7209,dest",,,,,Ring,7,novm,,yes,default,,,,,,,,,,,,,,,,
7999,,Отбой,novm,0,,,7999,,,,,,,,default,7999,pjsip,PJSIP/7999,fixed,7999,Отбой,7999,,disabled,dontcare,dontcare,dontcare,dontcare,disabled,10,disabled,enabled,7999,3,7999,,yes,,no,no,"Отбой <7999>",from-internal,,0,yes,,rfc4733,yes,no,,1,1,1,7200,no,no,no,,60,auto,,,,60,yes,yes,no,yes,0,0,7999,yes,pai,chan_pjsip,yes,90,,yes,no,,,,ENABLED,ringallv2-prim,20,,7999,,"ext-local,7999,dest",,,,,Ring,7,novm,,yes,default,,,,,,,,,,,,,,,,
